time,x,y,z
0.0,-15.579122959718484,-18.588036987488525,39.784972128705455
0.019999999999999574,-15.914907710093122,-16.182053070864658,43.08859231395614
0.040000000000000924,-15.668538803984772,-12.936672158612508,45.35500196116683
0.0600000000000005,-14.83938819317678,-9.364351852399437,46.32241267949853
0.08000000000000007,-13.525568069891088,-6.005031434337638,46.036261296160234
0.09999999999999964,-11.89290117115632,-3.24405599971017,44.78050906528923
0.120000000000001,-10.125662825082436,-1.237333255140203,42.925256776931285
0.14000000000000057,-8.383906448556584,0.050613750581675915,40.79537307025418
0.16000000000000014,-6.781150976166677,0.7591655124189949,38.612292813989136
0.17999999999999972,-5.381660295652317,1.0541559224306105,36.49719912693292
0.20000000000000107,-4.209283820327609,1.08298978211865,34.50085075606586
0.22000000000000064,-3.260011540680364,0.9580795675914774,32.634411612387865
0.2400000000000002,-2.5135521880205385,0.7565810418795701,30.891209135352828
0.2599999999999998,-1.942126870347227,0.5267730228725439,29.25898737414179
0.27999999999999936,-1.5163379140274602,0.2957366014940513,27.725537983237245
0.3000000000000007,-1.2086527461222236,0.07608223119143212,26.28063388447379
0.3200000000000003,-0.995182591366175,-0.12890630011346058,24.916257853079827
0.33999999999999986,-0.8563529390036724,-0.3216584661302589,23.626227193733435
0.35999999999999943,-0.7769197253023866,-0.5079590894744986,22.405725813105377
0.3800000000000008,-0.7456486732672803,-0.6955422483387658,21.250934365690373
0.40000000000000036,-0.7548659501610796,-0.8933743387517474,20.15880279418487
0.41999999999999993,-0.8000084296430702,-1.1114230071524742,19.126957939224646
0.4399999999999995,-0.8792472630999589,-1.3607664910456423,18.153732295367718
0.46000000000000085,-0.9932234923354452,-1.6539467595285127,17.238312696419534
0.4800000000000004,-1.1449135503291945,-2.0055073162752812,16.381029177147877
0.5,-1.339631096214774,-2.4326811865914455,15.583832360894263
0.5199999999999996,-1.585165372540715,-2.9562042640956765,14.851045000625312
0.5400000000000009,-1.8920510490373175,-3.6012183864756784,14.190524824813917
0.5600000000000005,-2.2739555871271038,-4.398184437641192,13.615447988351155
0.5800000000000001,-2.7481497013298477,-5.38362300697101,13.147019318827455
0.5999999999999996,-3.3359822443979046,-6.600291088974963,12.818531984318664
0.620000000000001,-4.063190505888048,-8.09600475450497,12.681298856713333
0.6400000000000006,-4.959703206721121,-9.919601285365294,12.812942961540514
0.6600000000000001,-6.0582795920732755,-12.111348548922189,13.328058394979674
0.6799999999999997,-7.39080675984247,-14.68342428813043,14.389646988332979
0.7000000000000011,-8.980338340833757,-17.58452216221127,16.21570423017145
0.7200000000000006,-10.826251118959277,-20.643700514560773,19.0671997698858
0.7400000000000002,-12.8802333493801,-23.498843387183378,23.191651869195223
0.7599999999999998,-15.014641084395219,-25.54507926523282,28.689985161334533
0.7799999999999994,-16.995487207182467,-25.989229927858503,35.303648027441575
0.8000000000000007,-18.488989766407148,-24.118449622684373,42.224197575421634
0.8200000000000003,-19.13620659348956,-19.763441179935896,48.166012931167316
0.8399999999999999,-18.69322930331209,-13.634223698262145,51.87630513923465
0.8599999999999994,-17.15914155898435,-7.100364144979598,52.8134797812756
0.8800000000000008,-14.788192823918223,-1.4781458300191939,51.38630494101972
0.9000000000000004,-11.972360280924192,2.5537884155542385,48.5542978925469
0.9199999999999999,-9.08864325434833,4.998183712584124,45.244365582919265
0.9399999999999995,-6.404945590274348,6.229990476628206,42.043694189266404
0.9600000000000009,-4.062748633694537,6.692502824016784,39.203498560784986
0.9800000000000004,-2.104145577572384,6.745868519905405,36.76804557929106
1.0,-0.5091445101707698,6.635417741575304,34.69239134304379
1.0199999999999996,0.7737611958009543,6.511618966735504,32.91100317251385
1.040000000000001,1.807511539499993,6.460075777217146,31.367322323282025
1.0600000000000005,2.6550843884691893,6.526267952262463,30.022142592201927
1.08,3.3739121411571475,6.732481005751397,28.853212389903018
1.0999999999999996,4.013749675334628,7.088326953999196,27.852420505524847
1.120000000000001,4.616383285984421,7.596697497099768,27.02316578577057
1.1400000000000006,5.216154019728296,8.256494521724957,26.378638265689364
1.1600000000000001,5.840645149308348,9.06293283415335,25.940915000967415
1.1799999999999997,6.511105847406226,10.005811901026672,25.740401588063595
1.200000000000001,7.242309672353323,11.065939772095602,25.81489867270276
1.2200000000000006,8.04163170736566,12.209912071636374,26.207290777924637
1.2400000000000002,8.907231958154991,13.383814273610525,26.96054215750046
1.2599999999999998,9.825429339610624,14.507277970221475,28.108531208549536
1.2799999999999994,10.767716773396169,15.470728563619794,29.661712438741247
1.3000000000000007,11.68845431935553,16.14022029812621,31.58838396697653
1.3200000000000003,12.524956989172813,16.374704024571212,33.795945839831155
1.3399999999999999,13.202064193251188,16.0577419745536,36.121250795295715
1.3599999999999994,13.642616692973506,15.138006664340189,38.3415970688163
1.3800000000000008,13.783017149263836,13.662697578931049,40.212947665447686
1.4000000000000004,13.589731518846724,11.783454647195159,41.527670356274605
1.42,13.070310175881124,9.72412737027472,42.16826146787657
1.4399999999999995,12.273689109949137,7.721371220573269,42.13080541035089
1.4600000000000009,11.27926810056004,5.965886737807719,41.50839535635411
1.4800000000000004,10.179466883330713,4.569396327652323,40.44780857812504
1.5,9.062549995758642,3.564041204655658,39.10354350539801
1.5199999999999996,8.000739359923298,2.9236547555816266,37.6068545254108
1.540000000000001,7.045135483898599,2.5912326362750506,36.05387188720586
1.5600000000000005,6.2262047569740835,2.501685003103638,34.50748252378781
1.58,5.55751766077528,2.5960767806638163,33.005440920788224
1.5999999999999996,5.040644492877461,2.8282524072362913,31.569284925291136
1.620000000000001,4.6698491054413855,3.1663845271547637,30.211540626299705
1.6400000000000006,4.435928616480458,3.5918233027567825,28.94071749252877
1.6600000000000001,4.329029583800612,4.096861873405993,27.764524833024026
1.6799999999999997,4.340520595233737,4.682303826729149,26.6919668033432
1.700000000000001,4.4640975360282695,5.355193673366323,25.73488724844485
1.7200000000000006,4.696296340154421,6.126737267848639,24.909363056794614
1.7400000000000002,5.036539988152404,7.010222656768195,24.237178510946055
1.7599999999999998,5.486773969872475,8.018593206728792,23.74745668967401
1.7799999999999994,6.050658263952605,9.161189941498026,23.47833836498654
1.8000000000000007,6.732191216384852,10.439070256347756,23.478317043316764
1.8200000000000003,7.533553616320345,11.838306069999753,23.80638002304653
1.8399999999999999,8.451909045936445,13.320933820485688,24.52942295480314
1.8599999999999994,9.474955850802127,14.814114603896675,25.714565322555437
1.8800000000000008,10.575330934213659,16.200023034639333,27.41348260332212
1.9000000000000004,11.704682260528248,17.312184881721,29.63674115085606
1.92,12.7894630191989,17.947488098740667,32.32029569620758
1.9399999999999995,13.731914457227818,17.903398097119542,35.294859843090855
1.9600000000000009,14.42017602798036,17.041327366503324,38.27904953602729
1.9800000000000004,14.74919450106087,15.35720976559363,40.91871527975405
2.0,14.648297181828054,13.019980079398254,42.87532606488549
2.0199999999999996,14.104709168143037,10.342128392878436,43.92949858236146
2.040000000000001,13.170960181258081,7.68556062351344,44.043108563307754
2.0600000000000005,11.951499251002426,5.352185535752635,43.345326836742274
2.08,10.575159317362541,3.5164066123520836,42.05943467684705
2.0999999999999996,9.166306956753145,2.220455174851772,40.419437842473876
2.120000000000001,7.824898302799423,1.4128181987122732,38.61531491413964
2.1400000000000006,6.61854091699537,0.9971065988541027,36.77542020502536
2.16,5.584013418215491,0.8698953914862286,34.973792482645955
2.1799999999999997,4.73379722343466,0.9418535979298774,33.24665817047291
2.200000000000001,4.063926951826557,1.1455750703692984,31.608125780928987
2.2200000000000006,3.5610322307646434,1.4356603579176987,30.061394406024938
2.24,3.2077494380064957,1.785413109352203,28.605486237389936
2.26,2.9864498903735295,2.1827171078014347,27.23880831240966
2.280000000000001,2.881570898483173,2.6263063955207087,25.960890506149028
2.3000000000000007,2.8809219266069146,3.1228512688792622,24.773279517120653
2.3200000000000003,2.976305925678107,3.6848850018397297,23.680196903159764
2.34,3.1637193574130458,4.329412917352316,22.689314501580004
2.3599999999999994,3.443308792515202,5.076956477146764,21.81286208431112
2.380000000000001,3.819178637007147,5.950716688558737,21.06922016583522
2.4000000000000004,4.299061877053402,6.975445078172093,20.48511870627585
2.42,4.893775179920146,8.17545089278978,20.09850326379488
2.4399999999999995,5.616268359993974,9.570923602670462,19.961968111983822
2.460000000000001,6.479935792019587,11.171436163784161,20.1462465775122
2.4800000000000004,7.495680716778395,12.965214456516755,20.742410982442095
2.5,8.667067479796234,14.902927680292644,21.85989539418623
2.5199999999999996,9.98289576823972,16.876220479440097,23.615207702397633
2.540000000000001,11.407034866912683,18.695419188738434,26.104061838920007
2.5600000000000005,12.866896852228692,20.0790957054117,29.350616800301303
2.58,14.244961180307453,20.67844468222187,33.23746490025837
2.5999999999999996,15.381542889120526,20.16106782756632,37.44383919114138
2.620000000000001,16.09805533519364,18.35233512696665,41.447858972589785
2.6400000000000006,16.242726584230173,15.372528709587659,44.64466496093689
2.66,15.744009875802332,11.66218538269479,46.55918190171819
2.6799999999999997,14.642938859848302,7.837733361806652,47.03085430923493
2.700000000000001,13.082702671357396,4.4554614407085165,46.24036442149707
2.7200000000000006,11.261124473004706,1.8391802347382666,44.573602353912726
2.74,9.37405107738758,0.054872654258100506,42.43924090232233
2.76,7.575697181372037,-1.0073578317600875,40.15028594723392
2.780000000000001,5.964248260970409,-1.5294512192620187,37.89460712400893
2.8000000000000007,4.586412528062424,-1.6924691665924991,35.75974259272018
2.8200000000000003,3.450585427511919,-1.6429018915592275,33.771741872715396
2.84,2.541012820479243,-1.4855218127472325,31.926650139107394
2.8599999999999994,1.8293370257818578,-1.2887132566642456,30.209723870917202
2.880000000000001,1.2826506838751586,-1.0934479145329057,28.604888871946986
2.9000000000000004,0.8684675608431945,-0.9218452825454627,27.098336359787275
2.92,0.5573960542869351,-0.7839880264925304,25.679240004483297
2.9399999999999995,0.32427009618998853,-0.6828730204404659,24.339350223564075
2.960000000000001,0.14832971393364394,-0.6177985774431831,23.072323886533194
2.9800000000000004,0.01287105389735257,-0.5865719665758905,21.87312997668555
3.0,-0.09535767989138208,-0.5868852157496194,20.737620941651617
3.0199999999999996,-0.18684480162625605,-0.6171392123883093,19.66225970144935
3.040000000000001,-0.26999374085452343,-0.6769278974546932,18.643965530762248
3.0600000000000005,-0.3517470391559124,-0.767336556952587,17.6800450345868
3.08,-0.43814274397712666,-0.8911632714304485,16.768186693794867
3.0999999999999996,-0.5348090844557603,-1.0531399663218455,15.906511138331206
3.120000000000001,-0.6474139170145286,-1.2602073514621805,15.093682774086032
3.1400000000000006,-0.7820907960931562,-1.521883995688458,14.329102869771713
3.16,-0.9458660746475538,-1.850760805101033,13.613222352257953
3.1799999999999997,-1.147111885993931,-2.263144933177747,12.948038135084955
3.200000000000001,-1.3960488956057826,-2.7798661892497387,12.33787508105814
3.2200000000000006,-1.7053187701959793,-3.4272354086481815,11.790613567273736
3.24,-2.090636491603288,-4.238091413147398,11.319608985774993
3.26,-2.5715099140683564,-5.252759342237656,10.946672693695216
3.280000000000001,-3.171964656288464,-6.519508890187036,10.706644005293123
3.3000000000000007,-3.921110380473284,-8.093639338963431,10.654247600551164
3.3200000000000003,-4.8531827282401645,-10.033453071018368,10.873974166018938
3.34,-6.00631683435612,-12.389874078993337,11.493282328997612
3.3599999999999994,-7.418652433360592,-15.184185426614212,12.697620902333568
3.380000000000001,-9.119381652472287,-18.365898801421057,14.740837958728843
3.4000000000000004,-11.111291582974193,-21.743272182643146,17.933878661473504
3.42,-13.341501206867713,-24.89145525961523,22.577722893765262
3.4399999999999995,-15.66182357261817,-27.0835485381086,28.795479242017688
3.460000000000001,-17.79461443810557,-27.36181857336786,36.25729075729288
3.4800000000000004,-19.34308619312339,-24.897759666160283,43.94163851465606
3.5,-19.89171209909903,-19.59746109093505,50.27024737914609
3.5199999999999996,-19.186526223592576,-12.47551712863766,53.82286610479872
3.540000000000001,-17.281515072721923,-5.24596484061161,54.17673100000573
3.5600000000000005,-14.52155190092476,0.6366561744319175,52.05000017361602
3.58,-11.374037662253535,4.594211216027136,48.66240733703735
3.5999999999999996,-8.24882049719755,6.815901075795929,45.0337155093044
3.620000000000001,-5.40998166024373,7.817592716456464,41.72140704542225
3.6400000000000006,-2.977597133490005,8.107365378215091,38.909100276377224
3.66,-0.9698431718803944,8.058224850566793,36.583632926149605
3.6799999999999997,0.6526680281123226,7.905271535222549,34.664282353143406
3.700000000000001,1.9547380866973054,7.7827239993902655,33.067196207256686
3.7200000000000006,3.0072809706264274,7.760868387253258,31.728227557677414
3.74,3.8772623103731068,7.872400933054816,30.606332880481418
3.76,4.623261281601177,8.128772906188408,29.680213281488896
3.780000000000001,5.294091613772035,8.529434938944277,28.94380529652974
3.8000000000000007,5.92888131194018,9.066410200932884,28.402483758024985
3.8200000000000003,6.557658531253988,9.725773380864375,28.07017464809894
3.84,7.201888812172038,10.487004113553683,27.966913963923513
3.8599999999999994,7.874652751568192,11.320892939497416,28.11614058770884
3.880000000000001,8.580328281646182,12.186678508095707,28.54092928335381
3.9000000000000004,9.313810652968622,13.029363550209293,29.25842977897755
3.92,10.059512429748018,13.778639898973951,30.27210727568368
3.9399999999999995,10.790649937327123,14.351358559044218,31.562185441967546
3.960000000000001,11.469600609381738,14.659559032001145,33.07611410807014
3.9800000000000004,12.050264906262603,14.625045910706987,34.72264564451183
4.0,12.483152461323881,14.198847428056729,36.37423138876336
4.02,12.7231296220824,13.380092730734052,37.88134310491136
4.040000000000001,12.73848853340853,12.226076092024641,39.09795621471148
4.0600000000000005,12.518788978333856,10.846559461766821,39.911147411619865
4.08,12.078661245507329,9.381766517899393,40.26368504460056
4.1,11.455956355437001,7.971750540877055,40.16057570115688
4.120000000000001,10.704809418287546,6.729052230949732,39.65825141144757
4.140000000000001,9.886078763684678,5.72376668540078,38.84310285977473
4.16,9.058182362853007,4.982966061011287,37.809092322630654
4.18,8.270530435532562,4.500235660845145,36.64155645320556
4.200000000000001,7.560322114426314,4.248984984904355,35.40937383014936
4.220000000000001,6.952281913408189,4.194597518703007,34.163921400008405
4.24,6.460336070602949,4.303091191708991,32.94189845471258
4.26,6.090197995763707,4.546043616301547,31.769501876135564
4.280000000000001,5.842086848947733,4.902569827240651,30.666459214631853
4.300000000000001,5.713115738968042,5.359362571847979,29.64932785563895
4.32,5.699139465044209,5.9096180119491395,28.734006859248762
4.34,5.796011921814346,6.551363145205663,27.9376339698119
4.359999999999999,6.000275764007603,7.28542177006541,27.28005649985702
4.380000000000001,6.309328014812933,8.113036787486136,26.78498395585643
4.4,6.721083185695367,9.033027913765439,26.480783351250874
4.42,7.233124151846253,10.038296714353113,26.400686381207557
4.4399999999999995,7.841300680480851,11.111545424232686,26.581930468324284
4.460000000000001,8.53773690095978,12.220304199106414,27.063080362220326
4.48,9.308275465106153,13.311878700165396,27.87854745501606
4.5,10.129572337894322,14.30971341655629,29.049401120328916
4.52,10.966387953760185,15.113804111584459,30.570294502297326
4.540000000000001,11.770099123808553,15.608675300765302,32.39424118676628
4.5600000000000005,12.479883101116691,15.681873680436048,34.4200265047364
4.58,13.028027781910481,15.252472262500747,36.49006512719678
4.6,13.349886186223314,14.302519236521333,38.40652948365595
4.620000000000001,13.396962363780053,12.897821766552127,39.96748107209989
4.640000000000001,13.149257178856532,11.184214792632314,41.01329439801544
4.66,12.62199587120079,9.355647100454327,41.4642581428716
4.68,11.863553240264158,7.606124888690044,41.332140229132214
4.700000000000001,10.945193181584095,6.0866757251643815,40.70244521709506
4.720000000000001,9.94670942276778,4.883580732681614,39.69946046705792
4.74,8.94302114124423,4.020431086671152,38.45153795498913
4.76,7.99517206186101,3.475417540316731,37.06826755034784
4.780000000000001,7.146619769330256,3.202594192670418,35.63173771796963
4.800000000000001,6.4237844590552236,3.149476959759986,34.19788083817095
4.82,5.839102271760235,3.2682836531394015,32.80252499555167
4.84,5.3949987916999875,3.5213952758915483,31.468236646274356
4.859999999999999,5.087729548288284,3.8828337498584027,30.21005787615923
4.880000000000001,4.910560625734065,4.337497125781834,29.039688278130726
4.9,4.856123352467613,4.879378567214498,27.968363586591902
4.92,4.91798276846269,5.509455404814609,27.00888760636527
4.9399999999999995,5.091531603608182,6.233522766567202,26.17722560806292
4.960000000000001,5.3743251571070605,7.059959279954529,25.493934802622785
4.98,5.765929010376935,7.997216714293948,24.985547580574856
5.0,6.267287300999988,9.050689262827303,24.685836317497557
5.02,6.879545850698603,10.218532563233868,24.636638397865823
5.040000000000001,7.6022012059662165,11.486036393617459,24.887557029990084
5.0600000000000005,8.430412759200056,12.818403679898015,25.493357014797272
5.08,9.351383214982794,14.152521790803196,26.507337933958578
5.1,10.33994999240711,15.389733350371237,27.968722759282524
5.120000000000001,11.354073411280535,16.393830141489076,29.882916278491184
5.140000000000001,12.331761514481087,17.00069846232647,32.196490254656005
5.16,13.191918767699025,17.04601706099153,34.774525341926605
5.18,13.841882776435254,16.411640884259036,37.39458597572554
5.200000000000001,14.19290760448651,15.078377151995271,39.77283750015671
5.220000000000001,14.181016211901834,13.159070863750456,41.62595317323475
5.24,13.786060982284644,10.88586898440517,42.748770764150976
5.26,13.040211403595478,8.548357150394043,43.069794144042234
5.280000000000001,12.021156007324953,6.411211823157677,42.655336579965436
5.300000000000001,10.832980282679989,4.652390125936891,41.665179333680626
5.32,9.583266045410403,3.344832337233492,40.28979407576982
5.34,8.3648067987754,2.475714955177905,38.700355165619065
5.359999999999999,7.245978597124255,1.9818123045612734,37.02487419884907
5.380000000000001,6.26922722254947,1.7822199616416916,35.34643031057611
5.4,5.454781718384967,1.8000887689256289,33.71280578177976
5.42,4.806561718729813,1.9733059894164688,32.14863073051831
5.4399999999999995,4.3181741732015535,2.257508325868339,30.665496747504392
5.460000000000001,3.9779351641608214,2.6249649935039825,29.268872746728164
5.48,3.7725970910894104,3.0618113185769915,27.96231003974682
5.5,3.689859328940544,3.5650192243598076,26.749874850912725
5.52,3.7199027194387,4.139719208549073,25.637649661083437
5.540000000000001,3.8562079982986255,4.7970302357532715,24.63489942818964
5.5600000000000005,4.095873410815125,5.552295622778898,23.75528128105854
5.58,4.439573529455391,6.423464158407788,23.01832228325234
5.6,4.8912160142454315,7.429225734733085,22.451274585649667
5.620000000000001,5.457258697600174,8.586365839533348,22.091327213284632
5.640000000000001,6.145544159939603,9.905635347354895,21.98792793596652
5.66,6.963389709152303,11.385270612495763,22.20454436447933
5.68,7.914563092765898,13.001327880172054,22.818437367571285
5.700000000000001,8.994720011031427,14.694515824095399,23.915869526374607
5.720000000000001,10.185046472452836,16.354944866969483,25.578850380037192
5.74,11.444449906820033,17.809849409448418,27.859025451148504
5.76,12.702012848619074,18.82494798741244,30.737044603383563
5.780000000000001,13.853531828640092,19.134745572453436,34.07486019037665
5.800000000000001,14.767871501029623,18.51288337262241,37.584349541845086
5.82,15.30804969069453,16.87126253083373,40.84825084955249
5.84,15.365693419999463,14.340654467757693,43.416579500324445
5.860000000000001,14.896995301032804,11.269122197404235,44.951733417000206
5.880000000000001,13.94178403026193,8.115381751846629,45.34267161598814
5.9,12.613814778447006,5.292492981564822,44.71608508944123
5.92,11.067219818326201,3.054118686635606,43.34728607654004
5.9399999999999995,9.45682826304167,1.4722748706915034,41.54000380471062
5.960000000000001,7.908968466577646,0.4858772259644113,39.541996301938546
5.98,6.509011294517341,-0.030200273101103632,37.5164069635361
6.0,5.302607143829978,-0.21110897789277389,35.551788074358974
6.02,4.304164263299857,-0.17276115358112215,33.68612436003884
6.039999999999999,3.507150577540829,-0.0019372737401988707,31.929204103539462
6.059999999999999,2.8931950094651597,0.24286432072694047,30.27794687848829
6.080000000000002,2.438910139987351,0.5262946861790122,28.725031745554055
6.100000000000001,2.120443590390533,0.8302859382280994,27.262971255219977
6.120000000000001,1.9162019077986676,1.1489723029475132,25.885657976694702
6.140000000000001,1.8082739703508885,1.4848486394093001,24.588753883066175
6.16,1.7830155420869742,1.8461383685068673,23.36969567601514
6.18,1.8311489589223464,2.245173186973415,22.22769991635764
6.199999999999999,1.947627567885931,2.6975524770607358,21.16394662768822
6.219999999999999,2.1314280390515528,3.221864494074492,20.182037508207813
6.240000000000002,2.385366778292119,3.8397713662902295,19.288813932990298
6.260000000000002,2.715983739274825,4.576260348643738,18.495648310461288
6.280000000000001,3.13349025398911,5.459822071856035,17.82037128650432
6.300000000000001,3.651725428753436,6.522204493560064,17.29004599146105
6.32,4.287993547811168,7.797167392291235,16.944823391117428
6.34,5.0625396015705695,9.317276762116466,16.843019543742265
6.359999999999999,5.997239388441247,11.107185766014975,17.06719808870278
6.379999999999999,7.112803706663597,13.171101900380865,17.730069956823183
6.399999999999999,8.423453988895915,15.471630297401477,18.976917694815697
6.420000000000002,9.927744741815127,17.89805804851167,20.977435101539562
6.440000000000001,11.594482500390725,20.227134335010987,23.894695070844154
6.460000000000001,13.344491137597348,22.09230652368136,27.816228714055853
6.48,15.033667415632756,22.998878456871115,32.64291342237746
6.5,16.45029815739045,22.437146934178507,37.97110696370399
6.52,17.344585180591118,20.110893704678812,43.06644687024975
6.539999999999999,17.49844207911926,16.182949440423926,47.04266991340782
6.559999999999999,16.812380049297584,11.3280384950486,49.22468444310953
6.580000000000002,15.35668351874129,6.471998129510844,49.45797984772194
6.600000000000001,13.347676912137516,2.3832215470788576,48.1134194738597
6.620000000000001,11.065136811334533,-0.5780275035390057,45.813821892573706
6.640000000000001,8.765380468172404,-2.436254085468524,43.133078967306986
6.66,6.631146863031556,-3.4274256967581764,40.448745004203225
6.68,4.762819285854535,-3.835829098635948,37.9442636239433
6.699999999999999,3.1940493102925154,-3.905462355102514,35.674712945851766
6.719999999999999,1.9142962469160836,-3.8140108475046848,33.63149932682123
6.740000000000002,0.8886064958610149,-3.6784664043063056,31.784089929715297
6.760000000000002,0.07164291699610834,-3.570525939416037,30.100700946979817
6.780000000000001,-0.583679880198356,-3.531737232291258,28.5560174642264
6.800000000000001,-1.1215784844264567,-3.5853497186416976,27.132657225129275
6.82,-1.5814389722904698,-3.744726093270933,25.820360961465607
6.84,-1.9974661115040246,-4.019003571931494,24.614840312646415
6.859999999999999,-2.399224125806473,-4.416746405340334,23.517059788797155
6.879999999999999,-2.8125997605965014,-4.948160107827785,22.53319741023106
6.899999999999999,-3.2608872121472925,-5.626224463808669,21.67533856274613
6.920000000000002,-3.7657928668744356,-6.4668812922189085,20.96292052323378
6.940000000000001,-4.3481970960324325,-7.488169128490782,20.424944207266247
6.960000000000001,-5.028493588663018,-8.707905960508818,20.102918534205386
6.98,-5.826254884526057,-10.139166236175617,20.054300317950403
7.0,-6.7588456842046565,-11.782417897804226,20.355685294416087
7.02,-7.838441957017914,-13.612958788126818,21.10397188134851
7.039999999999999,-9.066791207295514,-15.562740048548651,22.411949741931668
7.059999999999999,-10.427171093015328,-17.497826703742465,24.39241308260442
7.080000000000002,-11.873773152615199,-19.198178123661904,27.123337327638477
7.100000000000001,-13.320741607517384,-20.355782547688946,30.589851545757547
7.120000000000001,-14.63652059416551,-20.616210414806336,34.61293310218969
7.140000000000001,-15.652553097130555,-19.683245356977523,38.80210037798721
7.16,-16.194269829041207,-17.46780614994681,42.592020830020864
7.18,-16.131584926312367,-14.199322201567107,45.39834851455179
7.199999999999999,-15.428438829798838,-10.396054665629737,46.83649482058966
7.219999999999999,-14.162306271643613,-6.677034693110676,46.86369048375789
7.240000000000002,-12.499731867949558,-3.53227338919996,45.74564650307839
7.260000000000002,-10.642728208980323,-1.1966193664540716,43.891497038327905
7.280000000000001,-8.775920343223238,0.3322726965380032,41.68507667720533
7.300000000000001,-7.035276026146861,1.1969936373507561,39.39725069768628
7.32,-5.500955867903263,1.5839753498966938,37.178906850126666
7.34,-4.205649954979888,1.6642622975559824,35.093596776220444
7.359999999999999,-3.1485960055343347,1.570184895607679,33.1550539126491
7.379999999999999,-2.309049035488676,1.3935026535985522,31.354541020430627
7.400000000000002,-1.656659353870476,1.1925172403673057,29.67641661022635
7.420000000000002,-1.1584302357186478,1.0011118554330247,28.105280838482663
7.440000000000001,-0.7828484959842723,0.8367596258011777,26.62838580784867
7.460000000000001,-0.5019845451576562,0.7066846887260293,25.23586301027138
7.48,-0.29226571267666257,0.6122440166715116,23.92018151488491
7.5,-0.13445525300214456,0.5518748297177442,22.675488690905357
7.52,-0.013205426099534782,0.522983404406238,21.497070075990262
7.539999999999999,0.08357769560254744,0.5230999166907494,20.38097443548774
7.559999999999999,0.16541543236782688,0.5505545503939846,19.32378024415813
7.580000000000002,0.23990732616202076,0.6048649257536391,18.322465521168372
7.600000000000001,0.3133182472032963,0.6869712978266149,17.374349676747354
7.620000000000001,0.39109521797275626,0.7994151148809937,16.477088252097627
7.640000000000001,0.4783230069013853,0.9465274811163776,15.628713687533807
7.66,0.5801360579911454,1.1346748465047811,14.82772679768106
7.68,0.7021085048659045,1.3725976501493102,14.07325583883262
7.699999999999999,0.8506459093336365,1.6718709818122193,13.365315296685116
7.719999999999999,1.0334028783755167,2.047511902294805,12.705218171708367
7.740000000000002,1.2597503112906325,2.518751526480702,12.096228160544971
7.760000000000002,1.5413137451602366,3.109974566506309,11.544588108089497
7.780000000000001,1.8925978606123315,3.851791871357876,11.061136995083022
7.800000000000001,2.3316963718862573,4.7821278325051475,10.663839258701493
7.82,2.8810505782801186,5.947027063000101,10.381703733645328
7.84,3.568142973875423,7.400525514406294,10.260751822908642
7.859999999999999,4.4258558185884755,9.202237202914876,10.372829720821054
7.879999999999999,5.491921561307884,11.410046839705469,10.827901926465785
7.900000000000002,6.806342293236537,14.06323030807931,11.789368331970408
7.920000000000002,8.40475909832494,17.148594585377182,13.488480349859636
7.940000000000001,10.304579971702022,20.540655844899003,16.225572296201474
7.960000000000001,12.479990481468342,23.91292348580279,20.330232109623996
7.98,14.824303601710657,26.645554704059887,26.0347614387681
8.0,17.108514822186113,27.819845897733053,33.226059853117086
8.02,18.966947507914764,26.45948394957941,41.147192847107306
8.04,19.960519257291793,22.09508897004705,48.33603872961685
8.059999999999999,19.740122406587112,15.334391879444548,53.14682505526319
8.080000000000002,18.231789293654824,7.780955891220318,54.68312273388241
8.100000000000001,15.692538308351711,1.1516281324422948,53.29738759837952
8.120000000000001,12.58079497153955,-3.602041358300397,50.163150462703626
8.14,9.355500789704493,-6.439641246862235,46.468801774292075
8.16,6.34484308811384,-7.827413054959615,42.96147398461347
8.18,3.7200805411368214,-8.318413860661746,39.943024447243644
8.2,1.5305714990656587,-8.34959785394312,37.448715915751194
8.219999999999999,-0.2481257005373177,-8.206943285958404,35.406353067842545
8.240000000000002,-1.6760779914540898,-8.057493567842512,33.72459484024548
8.260000000000002,-2.824890956576647,-7.990466298378859,32.328183133307505
8.280000000000001,-3.7646301685192185,-8.048617264707064,31.166102052388368
8.3,-4.557705070178382,-8.248255002402136,30.20930868470868
8.32,-5.256649203958479,-8.590807367600181,29.445923759209936
8.34,-5.9038421075254846,-9.068831119455993,28.876786812199843
8.36,-6.5320122982796835,-9.668437749893183,28.51197666452802
8.379999999999999,-7.164853203535056,-10.369357467703031,28.367972629157567
8.400000000000002,-7.8173833880639885,-11.14345750165938,28.464802351991228
8.420000000000002,-8.495884162656976,-11.952435272257988,28.822436827795485
8.440000000000001,-9.197420503136438,-12.745573926319617,29.455761904950037
8.46,-9.909142713861776,-13.458810009231431,30.367750462729777
8.48,-10.607795075989513,-14.016752937515182,31.54113876808383
8.5,-11.260093115625804,-14.33935922907166,32.93006799763341
8.52,-11.824761063657986,-14.354164122629514,34.45460143607025
8.54,-12.25686622975775,-14.012879952198698,36.002014639969595
8.559999999999999,-12.51447411134788,-13.308096846651605,37.4380440034647
8.580000000000002,-12.56661313810834,-12.28336309848351,38.62796923119866
8.600000000000001,-12.400493083267419,-11.030475947082381,39.46231709693818
8.620000000000001,-12.025560850833006,-9.672536332071417,39.878162518126004
8.64,-11.472789837137547,-8.338112070594246,39.86781392871272
8.66,-10.789335490942351,-7.136191460597385,39.4723937799002
8.68,-10.030395461754754,-6.140419878479619,38.764732193583
8.7,-9.250844960120368,-5.385674660737456,37.829541133193175
8.719999999999999,-8.498755026739675,-4.874454906305677,36.74761883417345
8.740000000000002,-7.811761784143628,-4.587941976023596,35.58698595872002
8.760000000000002,-7.216159339677208,-4.497108998371461,34.40035754439407
8.780000000000001,-6.727954637019937,-4.571275332506854,33.22669299616393
8.8,-6.35497726290004,-4.783418317328726,32.09454486114382
8.82,-6.099296214039791,-5.112679294358398,31.02567289804128
8.84,-5.959453452920895,-5.5448793170683786,30.03818856499786
8.86,-5.932260108314435,-6.071796664467152,29.149039911491762
8.879999999999999,-6.014063756916153,-6.689724052880234,28.375912944934978
8.900000000000002,-6.201478769907178,-7.397575882214739,27.7386837223184
8.920000000000002,-6.491606532616745,-8.194613165402385,27.260502647323328
8.940000000000001,-6.881762094843973,-9.0777182257007,26.96846727659091
8.96,-7.36870547512653,-10.038098949432067,26.893667774987296
8.98,-7.947353878088292,-11.057352583237417,27.07017386677085
9.0,-8.608965019396987,-12.103051993918164,27.532307868769404
9.02,-9.338847780049688,-13.124477255607232,28.30939646249126
9.04,-10.113830780322036,-14.049882797882727,29.417322145444714
9.059999999999999,-10.900012038112456,-14.78760053771361,30.846943179927315
9.080000000000002,-11.651703906000925,-15.233877333545816,32.55111011342239
9.100000000000001,-12.312808112921092,-15.289637538765685,34.434547752286264
9.120000000000001,-12.821783872319743,-14.885296926319535,36.353134554829744
9.14,-13.120521089569989,-14.007365309979345,38.1287613786653
9.16,-13.16572643077034,-12.71553013025001,39.58070571787841
9.18,-12.939535272999874,-11.139096832844986,40.56522777358435
9.2,-12.455306522303971,-9.449991172889085,41.00775218775559
9.219999999999999,-11.755960237914254,-7.822071538835487,40.91356527908825
9.240000000000002,-10.905303697125081,-6.393920011649978,40.35397805196528
9.260000000000002,-9.975658226655549,-5.248777372248208,39.43730202951673
9.280000000000001,-9.036011078282051,-4.41452916838168,38.27884294913701
9.3,-8.14372843502876,-3.877342021825253,36.98005639073911
9.32,-7.340786309946176,-3.599720469652229,35.61948713442085
9.34,-6.653809628275653,-3.5362205064459875,34.25271841725957
9.36,-6.096487389059124,-3.6440316045281387,32.91696764763432
9.379999999999999,-5.672982304775654,-3.8885297204841662,31.636881885797866
9.400000000000002,-5.381360301932735,-4.245150934843977,30.429692560458605
9.420000000000002,-5.216511753653341,-4.6990497350962315,29.309154676102807
9.440000000000001,-5.172362240204493,-5.24363979993825,28.288371800351566
9.46,-5.243368602097824,-5.878665759604307,27.381845543169593
9.48,-5.425373539341661,-6.60808313074916,26.60708046531064
9.5,-5.715905747889865,-7.4377533552453565,25.985964586503904
9.52,-6.113977582970447,-8.372777605256957,25.54599082810718
9.54,-6.61937911883497,-9.414170665045452,25.321191262443406
9.559999999999999,-7.2314096862584885,-10.554541385501635,25.35239570838431
9.580000000000002,-7.946941335806881,-11.772538047280008,25.6860740297499
9.600000000000001,-8.757718723818789,-13.026198853578865,26.37060183470692
9.620000000000001,-9.64690423634281,-14.24615766259917,27.448439995664323
9.64,-10.585179918327544,-15.331093914316302,28.942851199247485
9.66,-11.527257443634332,-16.149635093886275,30.839107139592493
9.68,-12.4103978294253,-16.554141209597077,33.063420880895755
9.7,-13.157146981557684,-16.410210246702754,35.46793631809877
9.719999999999999,-13.6842461014192,-15.638991477476022,37.834293270036106
9.740000000000002,-13.917775172483758,-14.25820013140598,39.90598188651738
9.760000000000002,-13.811112735066246,-12.399421037901096,41.44663320561605
9.780000000000001,-13.359102871513777,-10.284893369697144,42.30259216777467
9.8,-12.601835341157205,-8.168677953804984,42.43933987488881
9.82,-11.61579971425268,-6.269653180214988,41.93431936333657
9.84,-10.496248953075604,-4.727181447445454,40.93479370804944
9.86,-9.338062910187466,-3.5926198285478907,39.60639948665503
9.879999999999999,-8.22137355672811,-2.8485499333988784,38.094961729706235
9.900000000000002,-7.204515239021247,-2.4384101128675715,36.509460685148845
9.920000000000002,-6.323457668626291,-2.2927810644745548,34.92179237091398
9.940000000000001,-5.595289491270947,-2.346625617692694,33.374910531881014
9.96,-5.023343399532853,-2.547766951890117,31.89268700423664
9.98,-4.602315293990266,-2.859296422147133,30.488143973375664
10.0,-4.322544965549315,-3.2586582475458616,29.16920931600187
10.02,-4.173202331442063,-3.7353515953655387,27.94237497932039
10.04,-4.14444217160356,-4.288345335616944,26.81498637749293
10.059999999999999,-4.228713829465271,-4.923688917491572,25.79682298064443
10.080000000000002,-4.421428489201138,-5.652414945778212,24.90144600637269
10.100000000000001,-4.7211428068993895,-6.488590653235341,24.147609275557006
10.120000000000001,-5.129346850869976,-7.447209831770486,23.56087792668765
10.14,-5.649858926995106,-8.541473962341554,23.175444593580725
10.16,-6.287735169214005,-9.778876820980452,23.03591023220929
10.18,-7.04750125724982,-11.155410527945074,23.19842486925803
10.2,-7.930429809894006,-12.647290609736197,23.729974014122405
10.219999999999999,-8.930561911511255,-14.200101855844382,24.703718519076197
10.240000000000002,-10.029332400769709,-15.716714349199792,26.187392501354932
10.260000000000002,-11.18915795495234,-17.048123661223983,28.221579859185134
10.280000000000001,-12.347420319043945,-17.995473821144856,30.787020548425513
10.3,-13.413843669666486,-18.33463878816358,33.76696679713299
10.32,-14.275629956456841,-17.871407024312795,36.92214369877061
10.34,-14.81409207547608,-16.519270257499418,39.904907225951526
10.36,-14.932016419125313,-14.366006900632645,42.330859292639346
10.379999999999999,-14.583287637265713,-11.681524204529124,43.891685075837984
10.400000000000002,-13.790902815877091,-8.844482988732521,44.45314682901786
10.420000000000002,-12.643014839127272,-6.220866194226321,44.08032590887367
10.440000000000001,-11.268528067875327,-4.062424260719503,42.98094167190002
10.46,-9.804597423986506,-2.4713712467517923,41.41130370838481
10.48,-8.369806773522285,-1.4268345859860236,39.59914551714214
10.5,-7.050079001473509,-0.8379591825459505,37.7080379138202
10.52,-5.896654726723017,-0.5921650719319774,35.836807565938805
10.54,-4.931568152118564,-0.5854514746683369,34.03575184511321
10.559999999999999,-4.155959351848735,-0.7357359954565855,32.32524489546856
10.580000000000002,-3.558180598257966,-0.9853027927696949,30.71011731302219
10.600000000000001,-3.1203147110929916,-1.2979958672036835,29.188674446683788
10.620000000000001,-2.822807781406395,-1.6547397945885576,27.757554550180203
10.64,-2.647445108879987,-2.049189554540703,26.414033466782577
10.66,-2.5790720820494974,-2.4842128706344315,25.157037763474637
10.68,-2.6064569105044924,-2.9693470742131787,23.98766852186389
10.7,-2.722619774002313,-3.5191209364102627,22.909692644190777
10.719999999999999,-2.9248629631844065,-4.152030789827255,21.930258070679585
10.740000000000002,-3.214651296207666,-4.8899137733451,21.06099886231063
10.760000000000002,-3.5974143302748747,-5.757412427599263,20.319670261955427
10.780000000000001,-4.082265906732135,-6.781135409706534,19.732448705527187
10.8,-4.681551133813265,-7.987950496667908,19.33700255813671
10.82,-5.410022605884709,-9.401576036026244,19.186298431047366
10.84,-6.283295662495108,-11.036253454877926,19.35273890119901
10.86,-7.315038513741017,-12.885890642039707,19.931378366845856
10.879999999999999,-8.512149945500086,-14.907051799933928,21.039345818412205
10.900000000000002,-9.867094896293287,-16.99537335521157,22.806029767843608
10.920000000000002,-11.34698609419056,-18.959209144096203,25.345726082593316
10.940000000000001,-12.880518987689571,-20.503303593109532,28.70431438340584
10.96,-14.347170618875621,-21.248004645213076,32.78091671740537
10.98,-15.577662010202678,-20.814862963523975,37.25179260285149
11.0,-16.376903437999115,-18.983786748342858,41.55957569039735
11.02,-16.573554744307906,-15.857451293773511,45.03467261694688
11.04,-16.08115881100943,-11.905766532506515,47.13587944686326
11.059999999999999,-14.93766425310969,-7.810601180406758,47.67108791477543
11.080000000000002,-13.296200043786587,-4.193791402366319,46.83729964120437
11.100000000000001,-11.372052753464857,-1.4144670773907115,45.06599799862323
11.120000000000001,-9.378412066631922,0.46055608995913216,42.811575161697526
11.14,-7.481696966472308,1.5603689560348204,40.41597586137536
11.16,-5.786026135429836,2.090243012468246,38.0782296039733
11.18,-4.339084096261484,2.250108124702045,35.885800274850496
11.2,-3.1472498028320155,2.1989103769950558,33.8600191139609
11.219999999999999,-2.1913743753059105,2.0486908277807316,31.991547822045657
11.240000000000002,-1.439337507495887,1.8718276935846658,30.26125400674249
11.260000000000002,-0.8546054255729308,1.7115974581977929,28.65002434328855
11.280000000000001,-0.40137506916966326,1.5918138614405586,27.14219128721216
11.3,-0.04723355348988297,1.5243241949090407,25.725968931676015
11.32,0.2358205300105304,1.5143929941460745,24.392820837873977
11.34,0.4713508718788562,1.564389560237584,23.136663917684206
11.36,0.6790081253453012,1.6762403233214331,21.953251258504757
11.379999999999999,0.8753201631995051,1.853042988091691,20.83981997879386
11.400000000000002,1.074578215391276,2.1001528166958674,19.7950007798357
11.420000000000002,1.2897283942078033,2.425969850564881,18.818977049204886
11.440000000000001,1.5332291433613026,2.8425845254924225,17.913908099215064
11.46,1.8178648699285547,3.3663746446574834,17.084674729941312
11.48,2.157518300365119,4.018579446690213,16.34006084823793
11.5,2.5679007887394074,4.825789574146875,15.694553605825591
11.52,3.067217145940883,5.820156251519542,15.171025106799117
11.54,3.6766904222930674,7.0388919545020325,14.804637764671766
11.559999999999999,4.420773876698449,8.52223520284163,14.648342795327371
11.580000000000002,5.326701211686843,10.30838774116893,14.780183084852693
11.600000000000001,6.4227301848368485,12.422930278992716,15.311956285559614
11.620000000000001,7.733986810963412,14.859011843339307,16.39702216989973
11.64,9.274263425199443,17.544009757922414,18.231147745769146
11.66,11.031809105313075,20.29095710967676,21.033423698977685
11.68,12.948056992376053,22.744224690130945,24.98612082137776
11.7,14.892352672439808,24.35514894969576,30.112978593959976
11.719999999999999,16.645012432303307,24.45834640316422,36.10882413522841
11.740000000000002,17.912573272714706,22.516960797116937,42.21940666169493
11.760000000000002,18.39804756577702,18.484378678172963,47.35303605603035
11.780000000000001,17.915324432469784,13.017398163955246,50.5109876490627
11.8,16.48329000319712,7.257025392840573,51.292577484759846
11.82,14.326453192164273,2.273852567014223,50.0433650297719
11.84,11.779006629725588,-1.367155570032009,47.54012043171114
11.86,9.163992097575811,-3.6428304715895354,44.54738293966503
11.879999999999999,6.716693922566335,-4.842898752886599,41.57274970566915
11.900000000000002,4.5673183755516344,-5.332515960928049,38.854817823583005
11.920000000000002,2.7602262136812326,-5.422857255920858,36.45559309372703
11.940000000000001,1.2836514000735426,-5.3355193888010595,34.35332235134517
11.96,0.09555439294989002,-5.21247302202972,32.5008833834455
11.98,-0.8585050248386864,-5.138326301552728,30.85335106803084
12.0,-1.6347087923654167,-5.160774803870129,29.377379382908835
12.02,-2.2854696584783247,-5.305685289304621,28.05232204599184
12.04,-2.8571681778116007,-5.587176871332078,26.86865971477611
12.059999999999999,-3.389753933654173,-6.013909295693107,25.826263877974935
12.080000000000002,-3.9172885881147685,-6.5926226775065,24.93340490886067
12.100000000000001,-4.468829949212506,-7.329597316000382,24.206676936455963
12.120000000000001,-5.0692523551489135,-8.23033940878337,23.67170703676738
12.14,-5.739696558018724,-9.297483160561647,23.36434496934069
12.16,-6.497371244593818,-10.526642026360706,23.33180475748234
12.18,-7.354414737981234,-11.899806046274964,23.632820723687054
12.2,-8.315513937967287,-13.376043875405756,24.335210972842372
12.219999999999999,-9.37404940430841,-14.88007117395655,25.508372387588036
12.240000000000002,-10.50684292427074,-16.291173936619767,27.207611204762625
12.260000000000002,-11.668305703443737,-17.438291428060236,29.447951918932457
12.280000000000001,-12.786069085141465,-18.11088898977703,32.16918402389755
12.3,-13.761704222194684,-18.09604211255552,35.20276711658519
12.32,-14.480775143490238,-17.243764377574678,38.262331630644
12.34,-14.834280492500817,-15.541810552508153,40.98217057142027
12.36,-14.747504745612286,-13.158690415199986,43.00849190321643
12.379999999999999,-14.205156333890857,-10.41556789808247,44.108964671660395
12.400000000000002,-13.259873225896216,-7.688454542880119,44.240243421908325
12.420000000000002,-12.01875652210766,-5.292424671056148,43.5350081849797
12.440000000000001,-10.614712224596166,-3.409426963639996,42.22529136206046
12.46,-9.176197526473093,-2.082885928189351,40.554342745253855
12.48,-7.806295293546624,-1.2582455014963947,38.718844634125624
12.5,-6.574438720617422,-0.8345036514757452,36.85064718390638
12.52,-5.518068900382943,-0.7038640273401641,35.0248239783649
12.54,-4.649505680638513,-0.7736218609381165,33.27724335635953
12.559999999999999,-3.9641417767860943,-0.9740626064516642,31.621081090937178
12.580000000000002,-3.447745679522945,-1.2583178188451003,30.058482267252046
12.600000000000001,-3.0820387507617304,-1.5987803293338965,28.5874712667278
12.620000000000001,-2.848511276853116,-1.982744603571619,27.205532146986716
12.64,-2.7307888382057017,-2.408510200952006,25.91129010326232
12.66,-2.715943724338173,-2.882367612293499,24.705317695827983
12.68,-2.795107966066395,-3.4164835188504528,23.590690192591612
12.7,-2.963664243536725,-4.027525202701317,22.573645216384513
12.719999999999999,-3.2212037564389053,-4.735785367807249,21.66455846365444
12.740000000000002,-3.5713574372513963,-5.564514970539486,20.87938841475761
12.760000000000002,-4.021528055925458,-6.539094042491928,20.241723812491067
12.780000000000001,-4.5824670668693015,-7.685533063749744,19.785537067668493
12.8,-5.267537581090877,-9.02756427447413,19.558645560401317
12.82,-6.091371717982504,-10.581259006413319,19.626577618174963
12.84,-7.067452578234866,-12.34573670284175,20.075871835446584
12.86,-8.203959666494082,-14.288404360186846,21.014499571185954
12.879999999999999,-9.497108268742366,-16.323995272433145,22.56491947080726
12.900000000000002,-10.921460184469423,-18.289788478392666,24.84259147218161
12.920000000000002,-12.417820380558867,-19.926649729831833,27.911756464766945
12.940000000000001,-13.881989391935067,-20.886802220768764,31.71630818274009
12.96,-15.161747854726398,-20.797197494752982,36.00383271789989
12.98,-16.07250209401246,-19.39269556190283,40.29368953804649
13.0,-16.43815158137559,-16.678325055558126,43.95566493885063
13.02,-16.148466289601355,-13.012432435167366,46.41395664045596
13.04,-15.205250776039446,-9.012121064162969,47.376336776081715
13.059999999999999,-13.727608097577672,-5.313065416291568,46.929003333505015
13.080000000000002,-11.911401390056431,-2.3444119383414046,45.436160226943414
13.100000000000001,-9.968065427998406,-0.2511617236226067,43.34196225438308
13.120000000000001,-8.074730094044378,1.0421431720188492,41.01406847334218
13.14,-6.351094579506447,1.7174463790433137,38.68624577915471
13.16,-4.859681586206693,1.9723410095232117,36.47411472166299
13.18,-3.6183741077834117,1.9732914450868209,34.416661322175486
13.2,-2.615770962612774,1.8423047141158768,32.513640203756886
13.219999999999999,-1.8243605104443332,1.6606229562150314,30.749679070063486
13.240000000000002,-1.209981980379618,1.4781125555381947,29.106660224923846
13.260000000000002,-0.7378027417028165,1.3228399596114255,27.568704031564923
13.280000000000001,-0.3756278552962713,1.2088940446473564,26.123382634907735
13.3,-0.09538572079463478,1.1421559499324583,24.76139489150304
13.32,0.12653038425892066,1.1243077846529896,23.47583095174642
13.34,0.3095777838209372,1.1555055342649159,22.26149606154463
13.36,0.46971379262153806,1.2361126739504449,21.11443557656044
13.379999999999999,0.6201796361518283,1.3678174327614943,20.031669819204506
13.400000000000002,0.7723070014097788,1.554380608972576,19.01111146363726
13.420000000000002,0.9362940223079893,1.802195180414482,18.05164494152523
13.440000000000001,1.1219348216050171,2.1207858802200716,17.15337117097487
13.46,1.3393087490877669,2.5233339529743692,16.318052689158993
13.48,1.5994461297577172,3.0272742104806225,15.549833894997956
13.5,1.914989088910076,3.6549684545270686,14.856362608096445
13.52,2.3008577856092534,4.434395981656481,14.250508192622153
13.54,2.7749104761835133,5.399690678731832,13.752962018830717
13.559999999999999,3.358539615498425,6.591148366516771,13.396111987659475
13.580000000000002,4.077056391090477,8.05394934216535,13.229668955549359
13.600000000000001,4.959548750126804,9.834172113575654,13.32847788295485
13.620000000000001,6.037601893800668,11.969581897394406,13.802485570697534
13.64,7.3417863401094,14.471146210397547,14.807332390841156
13.66,8.894140233631074,17.289837182211304,16.550319457293703
13.68,10.69423712723428,20.264314072981286,19.279104574895793
13.7,12.69674687726098,23.054385447110228,23.22959973592738
13.719999999999999,14.781856858517397,25.09209614445393,28.5035674218
13.740000000000002,16.729581031288788,25.628003655229076,34.87198806034207
13.760000000000002,18.224141430805513,23.97218992113324,41.59344796761135
13.780000000000001,18.920563441118997,19.920897460148097,47.463844304097385
13.8,18.57399765646259,14.08875598824439,51.26850920016672
13.82,17.163936169278298,7.74637547557006,52.42052724703921
13.84,14.916035017796478,2.175838132023802,51.23191631583491
13.86,12.199779227872897,-1.9073812425460483,48.584176696999215
13.879999999999999,9.383505810452348,-4.444892945177777,45.37879590632973
13.900000000000002,6.737990496871705,-5.766328075197609,42.21553173763224
13.920000000000002,4.412885494940132,-6.294716404428599,39.3693024608444
13.940000000000001,2.4588960457176365,-6.386910518843898,36.90386159582833
13.96,0.8628695990559448,-6.292315933590298,34.7860226194426
13.98,-0.4220516000208655,-6.167147178395677,32.95592161451079
14.0,-1.4560005078104126,-6.102116238804874,31.35899283906478
14.02,-2.300475052307625,-6.146657254989566,29.95608181504764
14.04,-3.0123182165276146,-6.326060602667883,28.724016174739425
14.060000000000002,-3.6412913050990117,-6.652425107317854,27.653262377796676
14.080000000000002,-4.22962612313988,-7.131094584595634,26.74552590259129
14.100000000000001,-4.812508332806811,-7.763882295223783,26.012205774717856
14.120000000000001,-5.418822847376798,-8.549874442132035,25.473739927728232
14.14,-6.071715026364217,-9.484191576979411,25.159491726460228
14.16,-6.788644112290853,-10.554814065131678,25.10757955795615
14.18,-7.580670886236289,-11.737486071611247,25.363758138947627
14.2,-8.45078380521855,-12.988911295527496,25.97806211336829
14.219999999999999,-9.391197851339719,-14.239137044757294,26.99751897189105
14.240000000000002,-10.379849446151583,-15.38539273335469,28.45318804464835
14.260000000000002,-11.376865672626426,-16.29164148163457,30.340854033922994
14.280000000000001,-12.322592009660976,-16.799840014650872,32.59781089666615
14.3,-13.13955619031348,-16.75815518496006,35.08365397874025
14.32,-13.74078428851047,-16.065186013578817,37.57850469845692
14.34,-14.045202304418341,-14.717129530571881,39.81172373515945
14.36,-13.997199589714757,-12.833589786153299,41.521807872227775
14.379999999999999,-13.58349165564892,-10.640258672462103,42.526803602853036
14.400000000000002,-12.83955118380037,-8.408890596910517,42.77097339612174
14.420000000000002,-11.842039128640641,-6.3824268782418,42.32403641913312
14.440000000000001,-10.690555085466846,-4.721324211937208,41.33837440873921
14.46,-9.486604049513508,-3.4894898763548086,39.99191508315445
14.48,-8.31715064020142,-2.673073658929215,38.443714313193375
14.5,-7.2461330339880625,-2.212832110267215,36.81309397840308
14.52,-6.3133029265842335,-2.0337343215475103,35.178328695594196
14.54,-5.537754560583086,-2.0646405811600155,33.585384986758626
14.560000000000002,-4.9234187534073595,-2.248060928246598,32.05889707986569
14.580000000000002,-4.464630010230659,-2.542989305374317,30.611374225038954
14.600000000000001,-4.150802432542839,-2.9239563270667404,29.249586573091186
14.620000000000001,-3.9699154448624374,-3.3785276647594693,27.978538885119306
14.64,-3.9108733028418468,-3.904507134916206,26.803859391051304
14.66,-3.96495048232416,-4.507407007065874,25.733356611983783
14.68,-4.126554421281765,-5.198321109194539,24.77828541614978
14.7,-4.39349444324593,-5.992084541175075,23.954666494228913
14.719999999999999,-4.766874174704225,-6.90543913654329,23.28485255746268
14.740000000000002,-5.250639433132247,-7.954783659041551,22.799403052061503
14.760000000000002,-5.850718375267185,-9.152943515177597,22.539157179405027
14.780000000000001,-6.573583932657829,-10.504242382346073,22.5571038431713
14.8,-7.423964548692259,-11.997101260208634,22.919123519417656
14.82,-8.401346320756927,-13.59360049368327,23.701841482262232
14.84,-9.494952185094776,-15.216396326795731,24.984714307111595
14.86,-10.677194900935687,-16.735670247178238,26.83257550211598
14.879999999999999,-11.89644845031455,-17.96287591339878,29.2655680403872
14.900000000000002,-13.071517791906548,-18.662941788502575,32.2181972157983
14.920000000000002,-14.092103306863478,-18.597872973762108,35.50024179169361
14.940000000000001,-14.830391070775407,-17.604356985496352,38.78626180138218
14.96,-15.166178930182777,-15.68164657555976,41.663626498117665
14.98,-15.020390752973103,-13.038110168360781,43.74324836366715
15.0,-14.38312175974558,-10.049841739646315,44.78736267227445
15.02,-13.320914090204292,-7.138965908467007,44.77971385012953
15.04,-11.958269334642809,-4.640074997241727,43.89723122661851
15.060000000000002,-10.443193767902796,-2.727186812318385,42.41251848391189
15.080000000000002,-8.913393644504621,-1.420255404479028,40.59331343508108
15.100000000000001,-7.474902132410673,-0.6391348154607687,38.64409119416129
15.120000000000001,-6.1953980163660445,-0.2629565518074994,36.6937031638505
15.14,-5.108001598087598,-0.1716616496963075,34.809812929888636
15.16,-4.2198862740931515,-0.2664879527734581,33.020547039360764
15.18,-3.5215359580397214,-0.47561127981719026,31.332720804712878
15.2,-2.994531981092354,-0.7520807984646511,29.743759902649728
15.219999999999999,-2.617236740560171,-1.068947832526681,28.248246193375774
15.240000000000002,-2.3685176401476626,-1.4141651557929686,26.840987182949462
15.260000000000002,-2.229941208004167,-1.786322239096817,25.51822966474719
15.280000000000001,-2.186899945223962,-2.1914947949344663,24.278076058755303
15.3,-2.229064305727865,-2.641139825344766,23.12069851202
15.32,-2.3504539969349345,-3.15084103666602,22.048659743493356
15.34,-2.549330769431321,-3.739675625417238,21.067509268178732
15.36,-2.8280354759825372,-4.429965350218746,20.186777919454144
15.379999999999999,-3.1928254471363204,-5.2471515066316385,19.42150047039401
15.400000000000002,-3.653705258681029,-6.219464400599286,18.79442270806525
15.420000000000002,-4.224172846430094,-7.376907294169754,18.339064937837048
15.440000000000001,-4.920707896270636,-8.748809210380701,18.103750684079326
15.46,-5.761686647045335,-10.358779254703618,18.156469722985456
15.48,-6.765206704459404,-12.21535511025923,18.589787947664743
15.5,-7.945038837147148,-14.296198348041836,19.52359727493172
15.52,-9.30369406006271,-16.524068931486912,21.10089328125083
15.54,-10.821665308416497,-18.735683324429104,23.467997330956813
15.560000000000002,-12.442931958183133,-20.652601713435644,26.727679692915338
15.580000000000002,-14.05975072548695,-21.87809530027059,30.85785492798885
15.600000000000001,-15.505075383013688,-21.958838457104367,35.611034823299725
15.620000000000001,-16.566209137012716,-20.540459945998716,40.454367395989294
15.64,-17.03080987620683,-17.579370403066715,44.64361436652557
15.66,-16.757896760089526,-13.472364234247602,47.47084573737809
15.68,-15.73928600232162,-8.955986352459174,48.56706499735148
15.7,-14.110177171968921,-4.800231172029929,48.03776105011175
15.719999999999999,-12.099600332722867,-1.5142001550929676,46.33499609159801
15.740000000000002,-9.953672682239732,0.7497791277242118,43.99840442193813
15.760000000000002,-7.874421624510165,2.1052821942501496,41.458008144694595
15.780000000000001,-5.993601700215201,2.7828445620220963,38.97158190654489
15.8,-4.37551608367563,3.019215174240353,36.65403778763309
15.82,-3.0337332594492863,3.0059504804871757,34.53363259808396
15.84,-1.9498903483708419,2.8788906600830133,32.5982806017657
15.86,-1.0889790669563044,2.726182281667177,30.82327171535196
15.879999999999999,-0.4098154749061248,2.601141819656048,29.18433158431443
15.900000000000002,0.12866976984523612,2.5340804536519324,27.662162673735917
15.920000000000002,0.5641808830878258,2.541448655289532,26.243028198272448
15.940000000000001,0.9298014344657592,2.6323627096134663,24.91796965370902
15.96,1.2539466161704282,2.8130627852595187,23.681877842838855
15.98,1.5609845334501735,3.089879399342089,22.532889976879673
16.0,1.8721807866491385,3.471177381269634,21.472252828153255
16.02,2.2067557518423024,3.9686127357059955,20.50468660795271
16.04,2.582930576866418,4.597902476125342,19.639287720900644
16.060000000000002,3.0188830126951407,5.379164215317366,18.891056620605646
16.080000000000002,3.53354369380396,6.336707656212751,18.283193664141507
16.1,4.147133111138319,7.4979207078500725,17.85033784067634
16.12,4.881262274872259,8.890541998269095,17.642871795635067
16.14,5.758279147041332,10.537109144630296,17.732157158344663
16.16,6.799322624909233,12.444739472556284,18.215852158935093
16.18,8.02025611313384,14.587888296933462,19.220890485120794
16.2,9.424389479038338,16.88213896819995,20.89878898008255
16.22,10.99098258710036,19.15032881639519,23.403730877638512
16.240000000000002,12.659687618114164,21.091453686977207,26.84063889324425
16.26,14.314419230852243,22.279534284293526,31.17563464699407
16.28,15.776114723409618,22.235763799880566,36.12759508553715
16.3,16.819468528906505,20.603526242199486,41.110151295077316
16.32,17.22503022711217,17.37702167651564,45.32713930760443
16.34,16.85628420400864,13.023562928580972,48.054262449476624
16.36,15.72176538650769,8.345922803774272,48.95861387291971
16.38,13.978813591119494,4.1384408502157095,48.21287087929767
16.400000000000002,11.87443251440826,0.8882314543283928,46.327023622215776
16.42,9.66302982818912,-1.2954120790480534,43.86625997689985
16.44,7.545822652812747,-2.5638329062150094,41.25787949981387
16.46,5.648503341614915,-3.169462317086526,38.74429275454967
16.48,4.027821703347153,-3.357083357864269,36.42453704284971
16.5,2.6905389557615855,-3.31832810181088,34.31541802700454
16.52,1.6130557425076788,-3.1859664470235223,32.398138967351194
16.54,0.7567016233216939,-3.0446275529790294,30.644713249976217
16.560000000000002,0.07787496852936436,-2.94482270341067,29.029672862242244
16.580000000000002,-0.4660617048464562,-2.915112035394339,27.533691014832748
16.6,-0.9138783724379403,-2.9712399704759,26.143677815428603
16.62,-1.299491379064426,-3.122534433915733,24.851813699864064
16.64,-1.65211017715184,-3.376213847592344,23.654630283752038
16.66,-1.9969904932201885,-3.7402030324678437,22.55254708140567
16.68,-2.3564586635079987,-4.224912966787988,21.54998006856752
16.7,-2.7510001763360954,-4.844276141724029,20.65605914335591
16.72,-3.2002796719099997,-5.616160079399838,19.88600702363273
16.740000000000002,-3.7239890096990975,-6.562087686317716,19.263273468409945
16.76,-4.342403132399226,-7.705945493440311,18.822535119664
16.78,-5.076457622398374,-9.071021209686302,18.61359605469639
16.8,-5.947035377798382,-10.674258740335693,18.70593424296175
16.82,-6.972956212306546,-12.516101221725165,19.192912257848825
16.84,-8.16692381594278,-14.563994687524437,20.19316383892331
16.86,-9.528514034482484,-16.728340170375585,21.844062584314145
16.88,-11.033491889363095,-18.833097981699506,24.278746866157842
16.900000000000002,-12.619984181769025,-20.59177277852838,27.576352196803356
16.92,-14.175140468145385,-21.613582763674046,31.6815179768603
16.94,-15.530977541980794,-21.475663896947356,36.31361810654201
16.96,-16.4821201464411,-19.88036213634964,40.92765716283985
16.98,-16.833628944337914,-16.847775598754442,44.809680190999416
17.0,-16.468071813838016,-12.808225603528756,47.32327667791769
17.02,-15.397513516436616,-8.475906821132563,48.17733114629333
17.04,-13.765202034692331,-4.556044535639049,47.51851614536954
17.060000000000002,-11.794217472792619,-1.4911903238993114,45.79005794655303
17.080000000000002,-9.716173235367874,0.6042847159505866,43.49344834564861
17.1,-7.717419792129728,1.8504530582746164,41.01927274135467
17.12,-5.917638040958591,2.466126591388996,38.599243945495665
17.14,-4.373989917032621,2.6713960545238664,36.33639652374536
17.16,-3.0970769513377117,2.64329569041898,34.25629257849724
17.18,-2.068360715848114,2.507235955880287,32.34837165189358
17.2,-1.25422419458538,2.3445711362416044,30.590588594177067
17.22,-0.6155987053448295,2.2043709815681116,28.961044170882165
17.240000000000002,-0.11375845893936033,2.114247087061418,27.44205647578687
17.26,0.28667801515974356,2.08876523327179,26.020698240371797
17.28,0.6165870595641517,2.1354789358982993,24.688089208737928
17.3,0.9022974702624829,2.2590680247205888,23.43852393516458
17.32,1.1661702102973515,2.4641065993421165,22.268851529483676
17.34,1.4274817992744313,2.75690070360903,21.17822450377205
17.36,1.7034204804769502,3.146727348482477,20.16823547386517
17.38,2.010088771892078,3.646700356915865,19.24345991403697
17.400000000000002,2.3634567168423612,4.27438412302126,18.412466346455354
17.42,2.78023136765247,5.052161494785354,17.68941753492259
17.44,3.278602472288377,6.007211276277998,17.096453593299422
17.46,3.878785623524052,7.170726958890196,16.667100567210895
17.48,4.603201132966244,8.575655341582472,16.45093649745896
17.5,5.475977747103357,10.251688814904755,16.51955232601483
17.52,6.521228484414168,12.215485371084142,16.973211713922723
17.54,7.759202466587576,14.453290092435921,17.946073947352247
17.560000000000002,9.19903257686922,16.893019059519247,19.604724837642188
17.580000000000002,10.826681464535445,19.365484649907696,22.12968280258148
17.6,12.587599828073229,21.5635456283887,25.664242980668888
17.62,14.366946142499046,23.027317387691618,30.217183011655393
17.64,15.977105139052501,23.20727007548563,35.53172810720682
17.66,17.170291438142,21.652648124013357,40.99398257666445
17.68,17.69294007025207,18.287970222100967,45.710590862269534
17.7,17.37499521129129,13.592893324406505,48.82408163293556
17.72,16.208715345871074,8.473029701703386,49.909809062023776
17.740000000000002,14.360669390724874,3.85374375505317,49.14309043805186
17.76,12.105614073918195,0.3062810489166887,47.11030452513512
17.78,9.729222286269385,-2.0463001139768284,44.46544047217174
17.8,7.456043010404384,-3.386458569858027,41.6946898303202
17.82,5.42379977450286,-4.008497081862958,39.06360767016048
17.84,3.6921167637465864,-4.190884153738957,36.67163087971558
17.86,2.2651667261917017,-4.1466141560382646,34.526941634088665
17.88,1.1143255308318545,-4.0201159287552,32.60116922441019
17.900000000000002,0.19530221122486374,-3.90175978495933,30.858997055596067
17.92,-0.5408295872332942,-3.844774809032448,29.270484002415333
17.94,-1.141422733570324,-3.8791873910217993,27.814361245294716
17.96,-1.649335700384733,-4.021907151046764,26.477670048591033
17.98,-2.1020522689296754,-4.283561453229733,25.254505391685786
18.0,-2.5319612328470518,-4.672909730969405,24.145047989552502
18.02,-2.9672135750220128,-5.199512040045357,23.15528789541218
18.04,-3.432780797712221,-5.875087894214089,22.29753041764104
18.060000000000002,-3.9514616316832893,-6.713754926163467,21.59168239950566
18.080000000000002,-4.54464133090581,-7.731076167339217,21.067288237417056
18.1,-5.232602742535685,-8.941551078801568,20.766211484345533
18.12,-6.034128179039316,-10.353851608608588,20.74562926610004
18.14,-6.965020831486657,-11.962787137548828,21.080474661635925
18.16,-8.035042018095641,-13.736889676804493,21.863436222446353
18.18,-9.242696996689462,-15.601173096184576,23.198983416887252
18.2,-10.56750921553891,-17.417001059894037,25.185926799422653
18.22,-11.960290362346088,-18.966358823719723,27.882308727907667
18.240000000000002,-13.333891794248157,-19.956082610074866,31.250681253261074
18.26,-14.55998412231548,-20.06388803513146,35.096122124895935
18.28,-15.479903916527922,-19.039281934842936,39.033264627978305
18.3,-15.93547975060939,-16.835147828923553,42.53350978526952
18.32,-15.815293769007418,-13.693811071333961,45.07400168350473
18.34,-15.096925309805613,-10.10378725540584,46.32868537448829
18.36,-13.860520362513187,-6.625600574570588,46.280496150688464
18.38,-12.263981875404555,-3.693501476093075,45.18057420262413
18.400000000000002,-10.494375895012125,-1.5124764873545675,43.400604764060844
18.42,-8.721391573752063,-0.07808861173627396,41.28724270773725
18.44,-7.070112886822489,0.7381551015217958,39.08711873750252
18.46,-5.614872183854747,1.1045294642675436,36.94061979267509
18.48,-4.386686425750079,1.1766013799639605,34.90981358861408
18.5,-3.38580634750924,1.075770915782307,33.011086612402345
18.52,-2.593909598970424,0.8868249667777703,31.239393496819478
18.54,-1.983623072328498,0.6637756497369336,29.582400595117033
18.560000000000002,-1.525007502977931,0.4377284809225943,28.02721949558391
18.580000000000002,-1.1894854198447498,0.22402200757304574,26.562862816133777
18.6,-0.9519062758519464,0.02778857052627265,25.18066032631791
18.62,-0.791381712886374,-0.15208255643534874,23.873910362219178
18.64,-0.6913805604688454,-0.32031414239936923,22.63737512697197
18.66,-0.6394294833414339,-0.48362634571699126,21.46685536497594
18.68,-0.6266479457178008,-0.6498583092795492,20.35890375663508
18.7,-0.6472594338685904,-0.8276057371486979,19.310669607992697
18.72,-0.698160912584137,-1.026214534245944,18.31985316164663
18.740000000000002,-0.778593701620388,-1.256022832360936,17.384755569013983
18.76,-0.8899357168364324,-1.5287853006113477,16.50442659106971
18.78,-1.03562237972692,-1.8582444815073793,15.67893234761147
18.8,-1.2211978972022854,-2.2608335523698044,14.909790787946312
18.82,-1.4544963023120216,-2.7565022731535964,14.200656656410874
18.84,-1.745949728381841,-3.369648403714797,13.55838636129526
18.86,-2.1090156439232253,-4.13009899995703,12.994683072437553
18.88,-2.560698895987295,-5.073997204885236,12.528620075155235
18.900000000000002,-3.1221073078840536,-6.244266013762662,12.190465651799933
18.92,-3.818900994462181,-7.689961770627982,12.027361330462117
18.94,-4.681340076639214,-9.463167081549521,12.111445339227386
18.96,-5.743345801354006,-11.610930404701126,12.55070604877718
18.98,-7.039490341529662,-14.158021736719688,13.50157880457785
19.0,-8.598069768360181,-17.074291830438497,15.17881364457832
19.02,-10.427546464287946,-20.220206396200865,17.850523330138287
19.04,-12.493483468067051,-23.271589367445387,21.793609376087883
19.060000000000002,-14.685900209734518,-25.65114247035082,27.173490403743482
19.080000000000002,-16.786617359723323,-26.54728334168052,33.82962717487337
19.1,-18.463933595749044,-25.14421937901413,41.04330413928596
19.12,-19.33422774169767,-21.096446434063857,47.52674053493202
19.14,-19.102137773854423,-14.967709621923603,51.88085416981905
19.16,-17.71113396544053,-8.133210461692762,53.347941461999326
19.18,-15.386135672500986,-2.0627221741307467,52.203646489671534
19.2,-12.526933520208363,2.3918938843957003,49.4225462134148
19.22,-9.541415285988244,5.141915530414263,46.03015381663447
19.240000000000002,-6.7309273719181,6.555080363537093,42.7079054459003
19.26,-4.2612552652014735,7.106840528442629,39.760613778644036
19.28,-2.1878332701284644,7.1935044579534235,37.2511379046776
19.3,-0.49585330396914223,7.087024315759864,35.134591194380675
19.32,0.8657618930766514,6.954040195032631,33.339051250349435
19.34,1.9617771001842284,6.888784462889892,31.801038784104442
19.36,2.8577529829412933,6.940674641218671,30.475937254606723
19.38,3.6136667836966128,7.1331353210069,29.33785405671048
19.400000000000002,4.281389380249533,7.475178005829522,28.376429465325433
19.42,4.9042116888701885,7.967878313087611,27.593674880772042
19.44,5.517282640573422,8.607330348582936,27.001710716890653
19.46,6.148252311200329,9.38503735916135,26.621304643692675
19.48,6.817673396470186,10.286271312910813,26.48069053141558
19.5,7.538869052396116,11.286739048910638,26.613905492014965
19.52,8.31709153529573,12.347958440494937,27.057664680014632
19.54,9.147932764346347,13.41215360070821,27.845623963624742
19.560000000000002,10.015172156026441,14.3982937588771,28.998969584520133
19.580000000000002,10.888611919007953,15.202035723078426,30.51302497284183
19.6,11.722946443858136,15.703255644796053,32.34148529978771
19.62,12.45918064010054,15.784371062888992,34.38305077801513
19.64,13.030148276339037,15.359218864524232,36.47845482209328
19.66,13.37076487374151,14.40550380605649,38.42615060601168
19.68,13.431574381046532,12.986859978150779,40.01886801924527
19.7,13.191671654264951,11.249927738311253,41.091412979076786
19.72,12.66594894363251,9.392109092492403,41.56000337733296
19.740000000000002,11.903275487595788,7.612084553515291,41.4349515294267
19.76,10.97614283511238,6.065042962916414,40.802849164974766
19.78,9.965959595827591,4.839778738149997,39.79059215468582
19.8,8.949246991923836,3.960556173413448,38.52943153780054
19.82,7.988345261489125,3.4048842147043175,37.13130052200959
19.84,7.127577280347442,3.1254649729374506,35.6797730145981
19.86,6.39380904196604,3.0683445961148057,34.23148871332453
19.88,5.79959075201246,3.184468180985667,32.82243659532607
19.900000000000002,5.347239087086616,3.435259492624086,31.47502351076411
19.92,5.0327779793967755,3.7941010896640015,30.20397204759315
19.94,4.849193539689847,4.245525664097885,29.020588693009312
19.96,4.788843898616152,4.783385196376764,27.93568123211699
19.98,4.845062945534463,5.40870816335593,26.961599302864037
