time,x,y
0.0,-4.902688362623902,-3.74388378128908
0.019999999999999574,-4.718250131500498,-4.02849935981278
0.040000000000000924,-4.625098602874328,-4.379200734520382
0.0600000000000005,-4.618340175070154,-4.793115429759369
0.08000000000000007,-4.6937633233520275,-5.270564508383048
0.09999999999999964,-4.848189211626376,-5.813936661190088
0.120000000000001,-5.0795493682575925,-6.4265026838434
0.14000000000000057,-5.386723455554411,-7.111090901477395
0.16000000000000014,-5.769143641644034,-7.868505305739396
0.17999999999999972,-6.226150277725828,-8.69555907711447
0.20000000000000107,-6.756063357366174,-9.582625032291187
0.22000000000000064,-7.3549321123762885,-10.51071048067561
0.2400000000000002,-8.014952660797697,-11.448290086369646
0.2599999999999998,-8.722621103759264,-12.348518650406374
0.27999999999999936,-9.456838090403632,-13.147995226940798
0.3000000000000007,-10.187413570280242,-13.76883227398753
0.3200000000000003,-10.874682169414172,-14.125980928211812
0.33999999999999986,-11.471113735555345,-14.14097998293795
0.35999999999999943,-11.925656500412048,-13.76092144170252
0.3800000000000008,-12.190867360866257,-12.977784029200636
0.40000000000000036,-12.231678927467089,-11.840250200653072
0.41999999999999993,-12.033409712189979,-10.45067369708872
0.4399999999999995,-11.606187037983243,-8.945507950081582
0.46000000000000085,-10.983924457440386,-7.46566033743308
0.4800000000000004,-10.21806549896613,-6.1282839899605985
0.5,-9.368293640553038,-5.0097739983894085
0.5199999999999996,-8.493191928763675,-4.143036900465453
0.5400000000000009,-7.6432002119871925,-3.5255987495988985
0.5600000000000005,-6.856851223099381,-3.132402941312263
0.5800000000000001,-6.16002302990462,-2.9281186154691077
0.5999999999999996,-5.567283281293033,-2.8762849682782257
0.620000000000001,-5.084299926173711,-2.9447938471259727
0.6400000000000006,-4.710515170254793,-3.10839006633061
0.6600000000000001,-4.441587401491291,-3.3491925855270073
0.6799999999999997,-4.271371090933403,-3.6561151116443873
0.7000000000000011,-4.193378828469635,-4.023795706185203
0.7200000000000006,-4.20176858657033,-4.451388005935676
0.7400000000000002,-4.2919331994010514,-4.941375932680076
0.7599999999999998,-4.460773496232594,-5.498440671946682
0.7799999999999994,-4.706717693049031,-6.128323027990369
0.8000000000000007,-5.029521443587627,-6.8365645787462554
0.8200000000000003,-5.429852783169824,-7.626969120673208
0.8399999999999999,-5.908632486584416,-8.499602204618002
0.8599999999999994,-6.466075004726917,-9.448158530022534
0.8800000000000008,-7.100357849285988,-10.456603534222728
0.9000000000000004,-7.805862534821504,-11.49521057680724
0.9199999999999999,-8.570997634678646,-12.51653896807998
0.9399999999999995,-9.375773690648867,-13.452591790865052
0.9600000000000009,-10.189570371193497,-14.215263187573768
0.9800000000000004,-10.969916397155707,-14.702854603981292
1.0,-11.663436016718329,-14.815012969046213
1.0199999999999996,-12.210138220738093,-14.475902419016617
1.040000000000001,-12.551542521748262,-13.660500777554056
1.0600000000000005,-12.641607469007502,-12.413708913982717
1.08,-12.457551372656937,-10.850958999950148
1.0999999999999996,-12.006640959338947,-9.135707958494162
1.120000000000001,-11.325990691780195,-7.441123969717901
1.1400000000000006,-10.475208381685313,-5.911947785991064
1.1600000000000001,-9.524681447746087,-4.641092334934984
1.1799999999999997,-8.543598689218339,-3.6659244369321904
1.200000000000001,-7.590982881859792,-2.979398375195593
1.2200000000000006,-6.7110628622482125,-2.5472086575392114
1.2400000000000002,-5.932563385950406,-2.3237526734653384
1.2599999999999998,-5.270608823553436,-2.2634737726119125
1.2799999999999994,-4.729862124150319,-2.327238282523204
1.3000000000000007,-4.307872291491869,-2.484901353893237
1.3200000000000003,-3.9980374303961246,-2.7155067676018323
1.3399999999999999,-3.791940724175497,-3.006288232832952
1.3599999999999994,-3.681031951634194,-3.3512317060087526
1.3800000000000008,-3.657737198285415,-3.7496136402703937
1.4000000000000004,-3.7161155982460152,-4.204693371276815
1.42,-3.8521775604965938,-4.722589419636465
1.4399999999999995,-4.063954549833115,-5.31127889079527
1.4600000000000009,-4.351377204680235,-5.979599613423039
1.4800000000000004,-4.715982340912279,-6.7360879046179996
1.5,-5.1604305575436396,-7.587442177718318
1.5199999999999996,-5.687778907417392,-8.53636616137197
1.540000000000001,-6.300415690377056,-9.57853450835746
1.5600000000000005,-6.998539721771251,-10.69848832769219
1.58,-7.778071937495345,-11.864502079315724
1.5999999999999996,-8.62795681734895,-13.0229867961289
1.620000000000001,-9.527004166274093,-14.093949815705272
1.6400000000000006,-10.440795495091571,-14.970376727926203
1.6600000000000001,-11.319719041201953,-15.52560144395333
1.6799999999999997,-12.099764145416032,-15.632514137666078
1.700000000000001,-12.707834934132983,-15.194938500286689
1.7200000000000006,-13.072434286991545,-14.184003544903554
1.7400000000000002,-13.138298797596686,-12.66403284986657
1.7599999999999998,-12.880709151453091,-10.79097247734795
1.7799999999999994,-12.31375550290211,-8.777584816106984
1.8000000000000007,-11.488587861799834,-6.838602650978891
1.8200000000000003,-10.482121330424322,-5.140847489568362
1.8399999999999999,-9.380870560347983,-3.7779725324416256
1.8599999999999994,-8.265818656884305,-2.7729893233318563
1.8800000000000008,-7.202330952721062,-2.0982665540370515
1.9000000000000004,-6.236089188706582,-1.699677407863745
1.92,-5.393792129497892,-1.5161421240471717
1.9399999999999995,-4.686582998714323,-1.4917509576302332
1.9600000000000009,-4.114416172506147,-1.5813991103237064
1.9800000000000004,-3.6702170090087725,-1.752120663347172
2.0,-3.3432892108585266,-1.9821318481749866
2.0199999999999996,-3.121829390590395,-2.258961005705386
2.040000000000001,-2.9946266847272205,-2.5774463855109233
2.0600000000000005,-2.9521099880173205,-2.937969964866908
2.08,-2.9869181054834906,-3.3450483809623104
2.0999999999999996,-3.0941442469841993,-3.8062684632140473
2.120000000000001,-3.2713693868540434,-4.33148500813027
2.1400000000000006,-3.5185593790805414,-4.932158367847393
2.16,-3.8378618515752967,-5.620677197830262
2.1799999999999997,-4.233300745590231,-6.409472036207757
2.200000000000001,-4.710327273245433,-7.309672803212081
2.2200000000000006,-5.275141725211776,-8.328994057241733
2.24,-5.933653159743824,-9.468468813569713
2.26,-6.689896369038424,-10.717641262781124
2.280000000000001,-7.54370057661057,-12.047993835475253
2.3000000000000007,-8.487440104325064,-13.40491297186773
2.3200000000000003,-9.501885093027795,-14.699687907877792
2.34,-10.551615476098396,-15.805055820645654
2.3599999999999994,-11.58124097813992,-16.56024609192412
2.380000000000001,-12.514675645796675,-16.792600054149183
2.4000000000000004,-13.260353383688187,-16.359279565295253
2.42,-13.724464113371178,-15.201504954854165
2.4399999999999995,-13.83109614110333,-13.38845341957596
2.460000000000001,-13.543360484624914,-11.121463652072393
2.4800000000000004,-12.876448558815976,-8.685226394077311
2.5,-11.895812675496424,-6.365614206698326
2.5199999999999996,-10.700912533133081,-4.375815980307997
2.540000000000001,-9.402026378673995,-2.8228721714110647
2.5600000000000005,-8.099406936607316,-1.717219442006567
2.58,-6.870524795892292,-1.0059345940615845
2.5999999999999996,-5.76611860566829,-0.6081394499263947
2.620000000000001,-4.812561861066241,-0.44067845463499583
2.6400000000000006,-4.017328812411842,-0.4319892363966339
2.66,-3.3750900524868386,-0.5270509380779114
2.6799999999999997,-2.873065637834452,-0.6871846802843408
2.700000000000001,-2.4951244651658024,-0.8875754547883402
2.7200000000000006,-2.2246187765807073,-1.1142113774127609
2.74,-2.0461651442336937,-1.361064659302215
2.76,-1.9466410242786238,-1.6278248525768233
2.780000000000001,-1.9156466184624998,-1.918233888244159
2.8000000000000007,-1.9456329026739692,-2.238957812360149
2.8200000000000003,-2.0318439937977812,-2.598890145929112
2.84,-2.172175307345518,-3.008774671311441
2.8599999999999994,-2.3670104030273156,-3.4810391057973122
2.880000000000001,-2.6190685785610466,-4.029732060647787
2.9000000000000004,-2.9332692268428606,-4.6704446025459
2.92,-3.3165936046588627,-5.42006642983581
2.9399999999999995,-3.7778962250924866,-6.296165374951568
2.960000000000001,-4.327578868652157,-7.315678437408002
2.9800000000000004,-4.976987375604464,-8.492455776034848
3.0,-5.7373173445070025,-9.833027862498657
3.0199999999999996,-6.617722859222142,-11.3298178495235
3.040000000000001,-7.622242614772332,-12.95110960450035
3.0600000000000005,-8.74514951344004,-14.627773108287384
3.08,-9.964565665462457,-16.2387189565482
3.0999999999999996,-11.234899664622816,-17.60095790923205
3.120000000000001,-12.480134577168098,-18.475585199882563
3.1400000000000006,-13.592071421518751,-18.604372337508416
3.16,-14.439134444820436,-17.784700637370793
3.1799999999999997,-14.889680282089941,-15.965756363735432
3.200000000000001,-14.846720165405479,-13.315346181091854
3.2200000000000006,-14.28096218927319,-10.199647662549866
3.24,-13.244743274378768,-7.066910434537433
3.26,-11.857964245385473,-4.298718222242205
3.280000000000001,-10.273505566085364,-2.1140154150164134
3.3000000000000007,-8.639754137701722,-0.5608939100578353
3.3200000000000003,-7.074792780582711,0.4312868194565704
3.34,-5.65656764385913,0.9868566672762955
3.3599999999999994,-4.425294314402208,1.2357146948511726
3.380000000000001,-3.391939650883352,1.288440361110873
3.4000000000000004,-2.547941231083086,1.2286010175511437
3.42,-1.8735910699983145,1.1142476654916946
3.4399999999999995,-1.3442366248588902,0.982916478617668
3.460000000000001,-0.9343754551264923,0.8571269100832476
3.4800000000000004,-0.6200706633883675,0.7491368974718039
3.5,-0.3801658701593629,0.6646271105022542
3.5199999999999996,-0.19670923563054266,0.6053723925785582
3.540000000000001,-0.05489690353301893,0.5710865864134913
3.5600000000000005,0.057246370816995566,0.5606437223458122
3.58,0.14930597858149233,0.5728547405799556
3.5999999999999996,0.22894746328981336,0.6069439428165759
3.620000000000001,0.3023684392931679,0.6628351123623717
3.6400000000000006,0.37470916742385846,0.7413279213851663
3.66,0.4504150571616205,0.8442220575422742
3.6799999999999997,0.5335543221742567,0.9744291326757428
3.700000000000001,0.6280994456580028,1.136100139095126
3.7200000000000006,0.7381837571544717,1.3347877312957317
3.74,0.8683452645129286,1.577656830215311
3.76,1.0237697241306996,1.8737524057843544
3.780000000000001,1.2105438840738378,2.234328121247529
3.8000000000000007,1.4359278222370997,2.6732312187039184
3.8200000000000003,1.7086515458583984,3.2073235209089836
3.84,2.0392339456583457,3.8568888144869446
3.8599999999999994,2.44030884373154,4.645921370079519
3.880000000000001,2.9269179775153313,5.602089198988757
3.9000000000000004,3.5166854013223814,6.755987460904222
3.92,4.229707697439022,8.138997234372868
3.9399999999999995,5.087859181809486,9.778593915705097
3.960000000000001,6.112996819274666,11.689293353387733
3.9800000000000004,7.323249578675037,13.85675544338029
4.0,8.726253073253744,16.212528671141552
4.02,10.308101805008425,18.599248061887387
4.040000000000001,12.017607137101011,20.733997288272807
4.0600000000000005,13.748336072253382,22.19409134713415
4.08,15.32683524852591,22.47001351081546
4.1,16.5225155592835,21.128223454543672
4.120000000000001,17.094435352697793,18.05797930923639
4.140000000000001,16.87105987650968,13.649443310148731
4.16,15.825452748620034,8.710220169483394
4.18,14.094778585682088,4.118590425102467
4.200000000000001,11.927759617773484,0.46694136587231766
4.220000000000001,9.596728349947318,-2.063266498160844
4.24,7.3261968557687815,-3.597840813484244
4.26,5.262339754064202,-4.394606699080516
4.280000000000001,3.476377944681533,-4.715269801089514
4.300000000000001,1.9837283646091943,-4.768614859941345
4.32,0.7650843275503092,-4.700982279203971
4.34,-0.21680661980924448,-4.606789569090457
4.359999999999999,-1.0058632712522357,-4.543294314707544
4.380000000000001,-1.645971374456829,-4.543373696963718
4.4,-2.1775021344951884,-4.624938239795872
4.42,-2.635876709794954,-4.797344506472023
4.4399999999999995,-3.051329546740096,-5.0655349543458446
4.460000000000001,-3.449303588520293,-5.432538734998425
4.48,-3.851109931825089,-5.900779822191402
4.5,-4.274616056496579,-6.472465983026518
4.52,-4.734805079373544,-7.14919106654991
4.540000000000001,-5.244090154849394,-7.930770936936453
4.5600000000000005,-5.812284771731027,-8.81325231473498
4.58,-6.446132588093067,-9.786003646075748
4.6,-7.14830649023198,-10.82786327840536
4.620000000000001,-7.915815484586668,-11.902557943435673
4.640000000000001,-8.737854657076584,-12.954121224972177
4.66,-9.593327822392334,-13.903878189783907
4.68,-10.448619691799774,-14.651616791782086
4.700000000000001,-11.25663374273507,-15.084245273214172
4.720000000000001,-11.958491046435018,-15.09444145485499
4.74,-12.48919656271597,-14.608240762933288
4.76,-12.787595985387782,-13.614274764612123
4.780000000000001,-12.80898348331524,-12.181677763192008
4.800000000000001,-12.536585582093288,-10.454306054042984
4.82,-11.987408223879719,-8.619017805828962
4.84,-11.209705350097211,-6.860124398948515
4.859999999999999,-10.272905021883004,-5.31967503132044
4.880000000000001,-9.253931394747509,-4.0779808988586055
4.9,-8.224601408816568,-3.1561076616571353
4.92,-7.24321171853539,-2.532168557387951
4.9399999999999995,-6.35106846502851,-2.161096524574633
4.960000000000001,-5.5729763777211865,-1.99097932986769
4.98,-4.920060495144164,-1.9735421403028512
5.0,-4.393458362254895,-2.0693211825957567
5.02,-3.9879109560151447,-2.249174359884173
5.040000000000001,-3.6947633313261705,-2.4937350104372698
5.0600000000000005,-3.5042233352147774,-2.791963377503298
5.08,-3.40692141365467,-3.1394816147170634
5.1,-3.3948940197816504,-3.537033628264539
5.120000000000001,-3.462132019318982,-3.9891904189300096
5.140000000000001,-3.6048180593511665,-4.503293359236318
5.16,-3.821345523340653,-5.088552330436656
5.18,-4.112174939908422,-5.755165596784517
5.200000000000001,-4.479545600757499,-6.513286072081668
5.220000000000001,-4.927020270256826,-7.371611716022944
5.24,-5.458801456329716,-8.33533239214417
5.26,-6.078715042910597,-9.403129461006175
5.280000000000001,-6.788723476293027,-10.562955030505584
5.300000000000001,-7.5868185748686425,-11.78649630382423
5.32,-8.464196891312822,-13.022728806184292
5.34,-9.401788820917453,-14.191929259443205
5.359999999999999,-10.366591664606064,-15.18306872615042
5.380000000000001,-11.308861824445287,-15.85917543054602
5.4,-12.161943596461624,-16.07575047900051
5.42,-12.846897635547913,-15.714272839488634
5.4399999999999995,-13.283376665908007,-14.724628920073048
5.460000000000001,-13.405792553910814,-13.159515475875867
5.48,-13.180318133811658,-11.179363780895702
5.5,-12.61594868138799,-9.017239264035112
5.52,-11.764255083606562,-6.916245263522574
5.540000000000001,-10.707556640471815,-5.069103469866775
5.5600000000000005,-9.54063916024538,-3.5856038884998105
5.58,-8.35311528758844,-2.493708503252734
5.6,-7.217476258076235,-1.762459173972651
5.620000000000001,-6.184191046891186,-1.3303055048570105
5.640000000000001,-5.282420436333473,-1.127964619215449
5.66,-4.523917601693364,-1.0923733912182925
5.68,-3.907993786744134,-1.1729501606916584
5.700000000000001,-3.4262105866149097,-1.3328708456471665
5.720000000000001,-3.066181667099369,-1.547778343960666
5.74,-2.814343918890897,-1.803533415486118
5.76,-2.657802359644926,-2.093891162461097
5.780000000000001,-2.5854464643341952,-2.4185023512009303
5.800000000000001,-2.5885433109774243,-2.7813630231867217
5.82,-2.6609834302152646,-3.1896950432294306
5.84,-2.7993132838109362,-3.6531744385140725
5.860000000000001,-3.0026457795176165,-4.183393864508978
5.880000000000001,-3.2725011446810033,-4.793425777569758
5.9,-3.612594714488183,-5.497327681385771
5.92,-4.0285528799766155,-6.309390326856277
5.9399999999999995,-4.527499938716556,-7.242863797274422
5.960000000000001,-5.117412925740219,-8.307807808763336
5.98,-5.806086764706412,-9.507613109292748
6.0,-6.599492918741796,-10.833693202555354
6.02,-7.499268652810853,-12.25796392971533
6.039999999999999,-8.49909715794683,-13.723284830310746
6.059999999999999,-9.579927054182992,-15.13340393228342
6.080000000000002,-10.704478648566285,-16.346425103415548
6.100000000000001,-11.812444261339971,-17.179107271425
6.120000000000001,-12.819083971344899,-17.431247661350948
6.140000000000001,-13.620873313908552,-16.935492351941924
6.16,-14.111006338719713,-15.623840760820176
6.18,-14.2035477466226,-13.581646469713508
6.199999999999999,-13.85875806961187,-11.050963744854807
6.219999999999999,-13.098093990293515,-8.366984327902237
6.240000000000002,-12.000585692651097,-5.85553863678402
6.260000000000002,-10.681961350568589,-3.746490682743854
6.280000000000001,-9.266631642210722,-2.1410550660217176
6.300000000000001,-7.863989679071301,-1.030996465868082
6.32,-6.555237971926916,-0.3421970846381789
6.34,-5.390620046692616,0.023688175780586053
6.359999999999999,-4.393462658030128,0.16163504654410618
6.379999999999999,-3.56709192986337,0.15001762246960978
6.399999999999999,-2.901899321272748,0.04716588080663542
6.420000000000002,-2.381213582765691,-0.10699031127680564
6.440000000000001,-1.9855964267545096,-0.28737184465895715
6.460000000000001,-1.6956800314012117,-0.4799957297921297
6.48,-1.493852699835287,-0.6787454679879301
6.5,-1.365121743434066,-0.882878857228547
6.52,-1.2974363258489987,-1.0952495445059764
6.539999999999999,-1.2816877406410587,-1.3211307449068912
6.559999999999999,-1.3115426154316014,-1.567511450723615
6.580000000000002,-1.383213515661863,-1.8427463195945073
6.600000000000001,-1.49523288979967,-2.1564606358139202
6.620000000000001,-1.6482683365435524,-2.519631368236481
6.640000000000001,-1.844997354503463,-2.944779290344707
6.66,-2.0900452864339445,-3.446211381524858
6.68,-2.3899777268260824,-4.040242713772816
6.699999999999999,-2.7533251597529436,-4.745297272275276
6.719999999999999,-3.1905979215798097,-5.581726576430519
6.740000000000002,-3.714219448725203,-6.571080001291676
6.760000000000002,-4.338255557152771,-7.734395231392972
6.780000000000001,-5.077740509946499,-9.088833149708767
6.800000000000001,-5.947285921905463,-10.64168660006452
6.82,-6.958514708957715,-12.380538349931147
6.84,-8.115725635219862,-14.258491339661758
6.859999999999999,-9.409200165744366,-16.174648219100572
6.879999999999999,-10.805994576319522,-17.953656483602355
6.899999999999999,-12.239394555025571,-19.335247153828966
6.920000000000002,-13.600835444160984,-19.993761433084785
6.940000000000001,-14.741460243901171,-19.610021466776995
6.960000000000001,-15.491764765943469,-17.997034284408965
6.98,-15.702071449202304,-15.229974351357297
7.0,-15.292261019311011,-11.685979535134537
7.02,-14.28560916684378,-7.931482387552644
7.039999999999999,-12.805051963044775,-4.510521511243114
7.059999999999999,-11.03320214519991,-1.7706303219157227
7.080000000000002,-9.159545048920757,0.18314135654423402
7.100000000000001,-7.339975840483739,1.4260343986384563
7.120000000000001,-5.679166825160475,2.1183066394649517
7.140000000000001,-4.231856121037106,2.4317541606708706
7.16,-3.013836766252712,2.5120625788024777
7.18,-2.0150691407971246,2.467898939775577
7.199999999999999,-1.2109358534508912,2.373715523310548
7.219999999999999,-0.5704078702107553,2.2772853582067962
7.240000000000002,-0.061296793748049444,2.2075269715159007
7.260000000000002,0.3467502499724646,2.181003135463287
7.280000000000001,0.680824644722152,2.2068070666331345
7.300000000000001,0.9643379469059747,2.2900381654789674
7.32,1.2172023265110785,2.4341862259709566
7.34,1.45633212033402,2.6427229411313475
7.359999999999999,1.6962881140965222,2.920140514845239
7.379999999999999,1.9499556970256757,3.2726129294027584
7.400000000000002,2.2291941194837204,3.7083937805324942
7.420000000000002,2.5454201801685095,4.238005296003684
7.440000000000001,2.9101006917071723,4.874209960513512
7.460000000000001,3.3351242767674734,5.631681298110348
7.48,3.8330045685239558,6.526192695475503
7.5,4.416831068414376,7.573011360456054
7.52,5.09982668319498,8.784012670577743
7.539999999999999,5.894290811731246,10.162840772625216
7.559999999999999,6.809610948363078,11.697309640344496
7.580000000000002,7.8489440560761405,13.348404994215674
7.600000000000001,9.004196029371506,15.036150446600091
7.620000000000001,10.249234906646416,16.624987743523594
7.640000000000001,11.532154130715398,17.9157667669441
7.66,12.769068093831807,18.65708310990578
7.68,13.844098176388268,18.590815239066924
7.699999999999999,14.62132229093267,17.536059625711644
7.719999999999999,14.971687516181673,15.486411144327406
7.740000000000002,14.809534474347021,12.663021448488362
7.760000000000002,14.123451350127612,9.470044883119275
7.780000000000001,12.984309393403203,6.360350234232419
7.800000000000001,11.52490512673248,3.688907952179947
7.82,9.902306374065677,1.6349612316639937
7.84,8.261425078741869,0.21233561979600973
7.859999999999999,6.712551704981227,-0.669906270437959
7.879999999999999,5.324858215706392,-1.1432995083959772
7.900000000000002,4.130922893029016,-1.3366838963520578
7.920000000000002,3.1360528525281706,-1.3559116895505505
7.940000000000001,2.3280099787458863,-1.2790728015016615
7.960000000000001,1.6850217223941988,-1.159385197710485
7.98,1.1815205400035576,-1.0306534179785043
8.0,0.7918261608269627,-0.9127685674059159
8.02,0.4922420181936547,-0.8162939615656786
8.04,0.26204433271608923,-0.7459455395126547
8.059999999999999,0.08375653747278886,-0.7030814304474863
8.080000000000002,-0.05700040003615805,-0.687404561810743
8.100000000000001,-0.17188169801482317,-0.6980828082749155
8.120000000000001,-0.27028723724706344,-0.7344613870101043
8.14,-0.3598471972853591,-0.7965056969128158
8.16,-0.4468831112866583,-0.8850788770814648
8.18,-0.5368263253495817,-1.0021300522727434
8.2,-0.6345907564462803,-1.150847140208172
8.219999999999999,-0.7449054709442644,-1.3358117108099687
8.240000000000002,-0.8726173523197579,-1.5631813645937827
8.260000000000002,-1.0229758827450013,-1.8409162362473743
8.280000000000001,-1.2019122499057382,-2.179058410062007
8.3,-1.4163235300585542,-2.5900639669299697
8.32,-1.6743695026238523,-3.0891733853542394
8.34,-1.985783603780697,-3.6947813225046002
8.36,-2.362188380849713,-4.428721835467384
8.379999999999999,-2.8173854479587885,-5.3163041059473635
8.400000000000002,-3.367553353839658,-6.3857915993677725
8.420000000000002,-4.031222548914422,-7.666778024504128
8.440000000000001,-4.828788160817512,-9.186533274797519
8.46,-5.7811475680512965,-10.962848336330662
8.48,-6.906800863186641,-12.991297965752544
8.5,-8.216457947289642,-15.22457553450191
8.52,-9.704027634527664,-17.54285298703379
8.54,-11.333288459170301,-19.71939101467635
8.559999999999999,-13.021461721570033,-21.397911022607712
8.580000000000002,-14.62536517648544,-22.11654773431556
8.600000000000001,-15.942272932380417,-21.421538092539823
8.620000000000001,-16.740681024312792,-19.075917454279647
8.64,-16.82551319986235,-15.266199676304245
8.66,-16.1146067522334,-10.627454991622413
8.68,-14.680356534532946,-6.000671871362492
8.7,-12.725334382995833,-2.0771169869257835
8.719999999999999,-10.508088343855304,0.8144191074306223
8.740000000000002,-8.266208805368409,2.6863820247221337
8.760000000000002,-6.171516774029076,3.742955841443081
8.780000000000001,-4.321385603691255,4.237148916732083
8.8,-2.751880101865109,4.390684257582171
8.82,-1.4575612511363478,4.368418778863958
8.84,-0.4092868807079926,4.281415120811491
8.86,0.43286851950555966,4.19952348275749
8.879999999999999,1.1114265213849333,4.1642923199550985
8.900000000000002,1.6669110733402257,4.199228548185694
8.920000000000002,2.135667195563706,4.317121042520384
8.940000000000001,2.5491679989994567,4.5249647187962
8.96,2.934164926481151,4.827106548371972
8.98,3.313254123875722,5.227104158154251
9.0,3.705583734997736,5.7286270629945895
9.02,4.1275222714154385,6.3355878885263985
9.04,4.593163433266504,7.051567740339929
9.059999999999999,5.1145665601173524,7.8784936697191235
9.080000000000002,5.701634247004317,8.814441622497313
9.100000000000001,6.361518963131316,9.850398176440006
9.120000000000001,7.09744262855576,10.96587434122697
9.14,7.906837083319225,12.12352290575737
9.16,8.77880245168746,13.263497115587572
9.18,9.691111111422996,14.299329251303485
9.2,10.607384283284002,15.118469217185064
9.219999999999999,11.475644325491903,15.591687739408421
9.240000000000002,12.229955926952572,15.594805077984551
9.260000000000002,12.796849361565629,15.041881693224262
9.280000000000001,13.107035370220144,13.9209168421584
9.3,13.110427114864308,12.315462617886514
9.32,12.78972617652302,10.396341326249766
9.34,12.166918681281256,8.381227860859212
9.36,11.29944853858526,6.478700492890057
9.379999999999999,10.267501253696546,4.842119181062709
9.400000000000002,9.15760263247112,3.550168855429924
9.420000000000002,8.048266259126391,2.6139154299410885
9.440000000000001,7.001115056569102,1.9986078808880154
9.46,6.05790600684757,1.6474055121887639
9.48,5.241936847801349,1.4995146014094833
9.5,4.561784181331778,1.5008817434886403
9.52,4.015699920482399,1.6087948897478017
9.54,3.5956499274463565,1.7926211326094508
9.559999999999999,3.290546386406004,2.032580433254058
9.580000000000002,3.088591238238248,2.317802680273826
9.600000000000001,2.978832299244797,2.6443528338540343
9.620000000000001,2.9521026259427585,3.01353122434445
9.64,3.0015152379414327,3.4305366432894098
9.66,3.1226580013490484,3.9034620325451854
9.68,3.313595395581614,4.442530990300864
9.7,3.5747442166626078,5.059446339355703
9.719999999999999,3.9086517771817113,5.76668887199625
9.740000000000002,4.319667135522948,6.576563697635429
9.760000000000002,4.813455173851023,7.499733456782299
9.780000000000001,5.3962596329070776,8.542908978290859
9.8,6.073772054902141,9.70530941044289
9.82,6.84941869875893,10.973517068669857
9.84,7.721858302155238,12.314564025500166
9.86,8.68154464718767,13.66773079946057
9.879999999999999,9.706435237140505,14.936884590484466
9.900000000000002,10.757431204630876,15.987340460692572
9.920000000000002,11.774987004466707,16.653615870202138
9.940000000000001,12.679317210685792,16.764954658445703
9.96,13.377085544503403,16.190579183295142
9.98,13.77622891950128,14.894166201707497
10.0,13.806918236151812,12.972162053405285
10.02,13.441843058044137,10.647715098959923
10.04,12.706715613187765,8.212697212993051
10.059999999999999,11.675317352604624,5.943662242435331
10.080000000000002,10.451137371536165,4.034162899289749
10.100000000000001,9.143956152597232,2.5704562548790055
10.120000000000001,7.8502922407886135,1.5475750190779691
10.14,6.642452457549778,0.904493580359861
10.16,5.566072682207771,0.5582151768715555
10.18,4.643338110103994,0.42707313253830415
10.2,3.8787352585703667,0.4425536992405245
10.219999999999999,3.2650799894580684,0.5529509807264279
10.240000000000002,2.788645853535538,0.7225307518327352
10.260000000000002,2.4330067230057235,0.9288352297999795
10.280000000000001,2.1816447933875445,1.1596239060917848
10.3,2.019556258528242,1.4101485222616577
10.32,1.9341246299868895,1.681004915754883
10.34,1.9155026783692621,1.9765801158473693
10.36,1.9566937349986897,2.304017436917292
10.379999999999999,2.053470733143986,2.6725912522608555
10.400000000000002,2.2042261354281614,3.093379744273234
10.420000000000002,2.4098091703762217,3.57912780938828
10.440000000000001,2.673377071585762,4.144191652176846
10.46,3.0002614245961854,4.80444237413608
10.48,3.39782540188819,5.576969478485427
10.5,3.8752571199422468,6.479356799235371
10.52,4.443203917246318,7.528194353515933
10.54,5.113094636360934,8.73633778145003
10.559999999999999,5.895918763488374,10.108245524924547
10.580000000000002,6.800141308882293,11.632612690506809
10.600000000000001,7.828353143763541,13.271675092734565
10.620000000000001,8.972286041250545,14.94743853282762
10.64,10.206120837293161,16.527393224059228
10.66,11.478868195621228,17.816564336468122
10.68,12.70821418079841,18.568224694650205
10.7,13.780337729561975,18.52774789116356
10.719999999999999,14.561329350082941,17.514047556962403
10.740000000000002,14.923244376381394,15.515000146081928
10.760000000000002,14.779818883492991,12.741406084982977
10.780000000000001,14.117150941842851,9.586658004017401
10.8,13.002487582813938,6.497412185225345
10.82,11.565150217080868,3.8290086936771823
10.84,9.9599211498145,1.765802679608147
10.86,8.33093809792556,0.3280144889684639
10.879999999999999,6.788924299253949,-0.5701522357228523
10.900000000000002,5.404144593916238,-1.0571699143489917
10.920000000000002,4.2104528934966785,-1.2605787896528393
10.940000000000001,3.21432343864379,-1.2860296744694757
10.96,2.4044540329609183,-1.2119344771301501
10.98,1.7597613093697895,-1.0919902463118651
11.0,1.2551564715610146,-0.9604458207803893
11.02,0.8652809837085473,-0.8375190635203221
11.04,0.5666557264739212,-0.7339572368889242
11.059999999999999,0.33871507975746346,-0.6545174229639745
11.080000000000002,0.16411723241205461,-0.600464410157056
11.100000000000001,0.02862235302486231,-0.571281191279522
11.120000000000001,-0.07925940005443428,-0.5657925546327254
11.14,-0.16871861572315708,-0.5828746678068563
11.16,-0.24711658312462248,-0.6218881094270309
11.18,-0.32043104351486157,-0.6829382634559062
11.2,-0.39365830965971577,-0.7670388221748012
11.219999999999999,-0.4711674111836153,-0.8762320913198397
11.240000000000002,-0.557010854143447,-1.0137034905445257
11.260000000000002,-0.6552013484028899,-1.1839161334996173
11.280000000000001,-0.7699661150704977,-1.3927835067457353
11.3,-0.9059909880809734,-1.6478927357956579
11.32,-1.0686661236105963,-1.9587862700893366
11.34,-1.264343924593896,-2.3373040620475782
11.36,-1.5006174124107845,-2.7979786461005776
11.379999999999999,-1.786622880716388,-3.358457297562107
11.400000000000002,-2.133362383229567,-4.039890792124158
11.420000000000002,-2.5540259861135226,-4.867163779976995
11.440000000000001,-3.0642648043825926,-5.86872524876796
11.46,-3.6823135497406168,-7.075574321733821
11.48,-4.428769859744177,-8.518619079661576
11.5,-5.325685119708009,-10.223108771701737
11.52,-6.394386932492879,-12.198158776061574
11.54,-7.651136425599691,-14.418781728998436
11.559999999999999,-9.099424721090296,-16.79818221396676
11.580000000000002,-10.717767195593431,-19.151415671973098
11.600000000000001,-12.443053503964551,-21.161331040839602
11.620000000000001,-14.153096120768396,-22.37619339107398
11.64,-15.658583179096645,-22.286752491909578
11.66,-16.72095030821622,-20.51601957154981
11.68,-17.108698674378825,-17.067171068684292
11.7,-16.6804741721611,-12.45157840704573
11.719999999999999,-15.450629422795517,-7.529914719796863
11.740000000000002,-13.590388889947338,-3.1351695246595184
11.760000000000002,-11.361951321205868,0.24078764973365285
11.780000000000001,-9.030614940983002,2.506553973392217
11.8,-6.802678601530481,3.8350536337720014
11.82,-4.804665239695454,4.493264621487025
11.84,-3.092161828453189,4.732370825934582
11.86,-1.670343427645125,4.745364933684684
11.879999999999999,-0.5142813705790075,4.664479193107488
11.900000000000002,0.41565819468163906,4.573681797667292
11.920000000000002,1.1637828218208806,4.523227862581659
11.940000000000001,1.7732862756754062,4.54161717325155
11.96,2.2833611470008752,4.644203596560741
11.98,2.7281200821284792,4.838982750135808
12.0,3.1365551124716395,5.1302813248921355
12.02,3.533024021474163,5.520936376506984
12.04,3.937935203152997,6.013365197954787
12.059999999999999,4.368417936371025,6.609762022458598
12.080000000000002,4.838833996450809,7.311524014978196
12.100000000000001,5.361020699466308,8.117903323521096
12.120000000000001,5.944167494979549,9.023809901543835
12.14,6.59422981125015,10.016675201738227
12.16,7.312791353658255,11.072384787269845
12.18,8.095329055617825,12.15057961156754
12.2,8.928944006293277,13.190213858566342
12.219999999999999,9.789857760854629,14.10717835905379
12.240000000000002,10.641341157464394,14.796839137293084
12.260000000000002,11.433205261492493,15.144829870035029
12.280000000000001,12.104294434986056,15.04810308965107
12.3,12.589173242471665,14.443968331036606
12.32,12.828966610511484,13.338251901471006
12.34,12.7841862299731,11.818858636744721
12.36,12.445390174894898,10.043749941600796
12.379999999999999,11.837294749936342,8.20431770617469
12.400000000000002,11.014296225192085,6.479082717971669
12.420000000000002,10.049087535253877,4.9974744050726025
12.440000000000001,9.01875231984065,3.8255956580845254
12.46,7.992857441633215,2.9728704849922973
12.48,7.026145564282338,2.4101244111816973
12.5,6.156093445389861,2.089144509596187
12.52,5.404098219239585,1.9578345651116718
12.54,4.778635603552975,1.9694045513209546
12.559999999999999,4.279018718093794,2.086553418221883
12.580000000000002,3.898899939361076,2.2823683652676676
12.600000000000001,3.629117180114137,2.5394726965575094
12.620000000000001,3.459792050917291,2.8484674433094272
12.64,3.381748365905305,3.2062644678004726
12.66,3.387385184904604,3.614591385683488
12.68,3.4711443614499866,4.07875326247168
12.7,3.629691232793368,4.606622318006056
12.719999999999999,3.861893683269997,5.20775968546581
12.740000000000002,4.1686472540585005,5.892526898397091
12.760000000000002,4.552555598026466,6.671001189814668
12.780000000000001,5.017436327511436,7.551463683247923
12.8,5.567580488500717,8.538180177369505
12.82,6.206653421196533,9.628167071313685
12.84,6.9360926374311624,10.806685753433168
12.86,7.752855175960775,12.04143618555169
12.879999999999999,8.646433816027928,13.275992103529964
12.900000000000002,9.595272326024627,14.42412952938822
12.920000000000002,10.56313045192792,15.368330138567734
12.940000000000001,11.496604009961928,15.967360279165344
12.96,12.32571932898169,16.077819815505585
12.98,12.96976017425332,15.590534298350969
13.0,13.349456379684154,14.473429821897247
13.02,13.4039116387672,12.801987926324855
13.04,13.107116330560416,10.756380902851642
13.059999999999999,12.47713090421639,8.578707480402612
13.080000000000002,11.573315511867941,6.507646665192341
13.100000000000001,10.48254798020216,4.721619989294556
13.120000000000001,9.300367778167663,3.3131291723997225
13.14,8.114074420045144,2.295723463739356
13.16,6.992152287249495,1.6295163826327212
13.18,5.980679950382303,1.2492632821707168
13.2,5.104922069695601,1.0856251874687186
13.219999999999999,4.3736361277692986,1.0774202793068095
13.240000000000002,3.784101216339074,1.1766406599448846
13.260000000000002,3.3266862757078903,1.3490080039023555
13.280000000000001,2.9884595747149354,1.5723542473970566
13.3,2.7557663958100824,1.8342805317510062
13.32,2.6159118706662743,2.1298612346368615
13.34,2.558154856653094,2.4597214379155066
13.36,2.5742159672811744,2.8285727376936936
13.379999999999999,2.658468732660156,3.2441712653667825
13.400000000000002,2.8079398225950705,3.716606378826957
13.420000000000002,3.0222021497516933,4.257802496896033
13.440000000000001,3.3032064805691985,4.881097517707353
13.46,3.6550618235811347,5.600735086677744
13.48,4.08373948402213,6.431062516479672
13.5,4.596636892231315,7.385157689888207
13.52,5.201889816560869,8.47251385325669
13.54,5.907264908305907,9.695312990111718
13.559999999999999,6.71840464679755,11.04277783339127
13.580000000000002,7.636157105568998,12.483259439751105
13.600000000000001,8.652758860879272,13.954365831740734
13.620000000000001,9.746862030617164,15.352953171920024
13.64,10.877966521955562,16.52950189928004
13.66,11.981846250228664,17.29472243061207
13.68,12.96989377431107,17.44772272807106
13.7,13.736121070662435,16.829829583705518
13.719999999999999,14.174294456555268,15.39236733299458
13.740000000000002,14.203142045164961,13.246143661086817
13.760000000000002,13.791174758570648,10.654937888103353
13.780000000000001,12.969404779796804,7.962408230582873
13.8,11.824712398802545,5.487092771036949
13.82,10.476859686786861,3.4414935381569216
13.84,9.050168386972638,1.9081804719457938
13.86,7.650978998808681,0.8651657313555118
13.879999999999999,6.356122981830467,0.23117353717719544
13.900000000000002,5.211494275904784,-0.09401241560677134
13.920000000000002,4.236841384751558,-0.20414328630227285
13.940000000000001,3.4329248938733965,-0.17508593365904596
13.96,2.788518596859922,-0.06248442501792255
13.98,2.28608607872811,0.09607297279321056
14.0,1.9058579668683961,0.2773362435939132
14.02,1.6284788873274965,0.46864786409130166
14.04,1.4365464669771073,0.66479282196903
14.060000000000002,1.3153706738865507,0.8656025660951325
14.080000000000002,1.2532288121107964,1.074265238982319
14.100000000000001,1.2413249488215323,1.296222183953789
14.120000000000001,1.2736011598914438,1.5385199771498919
14.14,1.3464989386794417,1.8095011401907357
14.16,1.4587317935505795,2.118738234020643
14.18,1.611103888907585,2.477135815374661
14.2,1.8063908481392874,2.8971387324544686
14.219999999999999,2.0492854179568147,3.3929893437106724
14.240000000000002,2.3463990917371857,3.980966881125296
14.260000000000002,2.7062978758754426,4.679512496098075
14.280000000000001,3.139532138209156,5.50908469900378
14.3,3.658590032716709,6.49148631228154
14.32,4.277656575646624,7.648239698525458
14.34,5.011982079503235,8.997341954434281
14.36,5.876552006361152,10.547430888682982
14.379999999999999,6.8835996334624525,12.28810959773929
14.400000000000002,8.038362645851725,14.175278390417942
14.420000000000002,9.332461783770666,16.111459700908455
14.440000000000001,10.734677833441896,17.92462232753603
14.46,12.180179056316728,19.356062351954353
14.48,13.56186164717804,20.07733603510515
14.5,14.730950024882592,19.7597124820077
14.52,15.515634453604864,18.20025277798576
14.54,15.761257951898354,15.457359003805704
14.560000000000002,15.3812201718588,11.89961213900951
14.580000000000002,14.393213647048448,8.098734046403127
14.600000000000001,12.917667511686563,4.614626350202736
14.620000000000001,11.138287276069049,1.8120089241670674
14.64,9.248069578945229,-0.19293372588626723
14.66,7.407075739480296,-1.471885739993438
14.68,5.723504851813056,-2.1866661283886257
14.7,4.254468644750707,-2.512669897268687
14.719999999999999,3.0170262304318034,-2.5992355957922717
14.740000000000002,2.001577203420501,-2.557932791539742
14.760000000000002,1.1834196294849246,-2.4652542242458813
14.780000000000001,0.5311543399958634,-2.370310714058419
14.8,0.012096656493020733,-2.302864804374386
14.82,-0.404633644663097,-2.2800065594152525
14.84,-0.7466361326209504,-2.3111692475828973
14.86,-1.0377897412824366,-2.401693391019919
14.879999999999999,-1.2984284279678182,-2.5552683071764863
14.900000000000002,-1.5458469897562344,-2.775558108249369
14.920000000000002,-1.7949533587856148,-3.06725703475319
14.940000000000001,-2.0589548526901926,-3.4367514503353727
14.96,-2.35001259374068,-3.8925010819208707
14.98,-2.6798244553768575,-4.4451888522062735
15.0,-3.0601069298009564,-5.107620830720623
15.02,-3.502941009698957,-5.894276739618121
15.04,-4.020926068690702,-6.820306469556703
15.060000000000002,-4.627046333716072,-7.899629204346864
15.080000000000002,-5.334093692580742,-9.141620311116021
15.100000000000001,-6.153409900705185,-10.545698382154551
15.120000000000001,-7.092618056051686,-12.093061847660374
15.14,-8.151962852053796,-13.73514977219329
15.16,-9.318958649779583,-15.379602173108987
15.18,-10.561481451224202,-16.87730663191303
15.2,-11.820473237710559,-18.018805959907976
15.219999999999999,-13.005211349927668,-18.553299605203023
15.240000000000002,-13.996055150103185,-18.24293202946557
15.260000000000002,-14.659869661266999,-16.950151148828
15.280000000000001,-14.879248932759111,-14.725082892352155
15.3,-14.587741432366107,-11.834835424536125
15.32,-13.795035022821716,-8.695208557000162
15.34,-12.58759524519698,-5.7315082821947865
15.36,-11.10359051162272,-3.24954707504295
15.379999999999999,-9.495530650566899,-1.3824280580880675
15.400000000000002,-7.89778480030007,-0.11558204648589437
15.420000000000002,-6.408688459617109,0.6515233258257422
15.440000000000001,-5.087165446185081,1.0475854589256295
15.46,-3.9585183814245073,1.1931631141473327
15.48,-3.0237258772854783,1.1849869915601967
15.5,-2.268556040928503,1.093317991567679
15.52,-1.6708492232533987,0.9654173028392732
15.54,-1.2056340911851866,0.8308595547533498
15.560000000000002,-0.8483531278574616,0.7066496464324031
15.580000000000002,-0.5766580826820045,0.6014094030130447
15.600000000000001,-0.3712196792311636,0.5185198140645957
15.620000000000001,-0.215909478302708,0.45834715132932163
15.64,-0.09761586182279768,0.41974735257654205
15.66,-0.005873200809552179,0.401037897043766
15.68,0.06758085317160219,0.400596722249859
15.7,0.12925153851847604,0.41721324528296094
15.719999999999999,0.18430024312837182,0.45028486665465556
15.740000000000002,0.23690945147016237,0.49992613891527415
15.760000000000002,0.290596956921893,0.5670375126657151
15.780000000000001,0.34848440716702733,0.6533657708500366
15.8,0.4135291202232658,0.7615780493131544
15.82,0.4887298138955709,0.8953647531553087
15.84,0.5773173176381282,1.0595827317852318
15.86,0.6829411669406565,1.2604479104809971
15.879999999999999,0.8098625544982919,1.5057852565995542
15.900000000000002,0.9631635050125743,1.8053424766129678
15.920000000000002,1.1489812603346348,2.1711707021368447
15.940000000000001,1.3747752355154728,2.6180682259312316
15.96,1.6496305795452584,3.164067884851308
15.98,1.9845955202421908,3.830917459367239
16.0,2.3930359431695183,4.644442222734491
16.02,2.890964085059245,5.634566798270635
16.04,3.4972485502988704,6.834572708825495
16.060000000000002,4.2335233072902945,8.27882404353553
16.080000000000002,5.123459352923832,9.997643919494594
16.1,6.1908148440557955,12.007245452538665
16.12,7.455325516296119,14.291799453595527
16.14,8.925109279386401,16.774643372894214
16.16,10.584147287524747,19.278418488287738
16.18,12.374390408400421,21.483580055016432
16.2,14.175571167751954,22.915021581642907
16.22,15.79301504032765,23.01084547527652
16.240000000000002,16.971952964846757,21.320751874726717
16.26,17.45506542494506,17.79023921663068
16.28,17.074625558326822,12.934617941400328
16.3,15.831066773799824,7.689319011022399
16.32,13.901023870871297,2.986476056026127
16.34,11.566616074563713,-0.6163762919210451
16.36,9.116368514577125,-3.0146169431459455
16.38,6.774400691482299,-4.401893784533022
16.400000000000002,4.676951113469116,-5.074470635061179
16.42,2.882664098766037,-5.307192450114184
16.44,1.3957616104801447,-5.307881188890571
16.46,0.18854579289738832,-5.216565853999899
16.48,-0.7818516857466216,-5.120644629320891
16.5,-1.5627639691353048,-5.071444146891539
16.52,-2.1999335338778074,-5.097361234266472
16.54,-2.7345605280310483,-5.213060580604519
16.560000000000002,-3.2022413622031216,-5.425492878880808
16.580000000000002,-3.6329633617042463,-5.737611396471254
16.6,-4.0516128188074205,-6.150457758985133
16.62,-4.478652569097244,-6.664056386056512
16.64,-4.930748469183286,-7.277373309607409
16.66,-5.4211976173745935,-7.987461828057755
16.68,-5.960051255922559,-8.78783180200298
16.7,-6.553847664010577,-9.666051592554695
16.72,-7.2048911080349285,-10.600652789261833
16.740000000000002,-7.910054523601251,-11.557606533448409
16.76,-8.659167286103198,-12.48703451898181
16.78,-9.433216525999937,-13.321418767548407
16.8,-10.20283623241948,-13.977242865740218
16.82,-10.927869917168042,-14.36232866161635
16.84,-11.559007230091806,-14.390375298603036
16.86,-12.0423806701341,-14.001652786804176
16.88,-12.32728138647409,-13.184641855914602
16.900000000000002,-12.375802868085605,-11.98973340570284
16.92,-12.171772135674264,-10.52643753951964
16.94,-11.725765796629055,-8.94188235734364
16.96,-11.074071200470366,-7.387839702963085
16.98,-10.271811200815495,-5.989442300923527
17.0,-9.382727105516917,-4.826704097543701
17.02,-8.468987545993752,-3.932129797652771
17.04,-7.583627132109337,-3.300248511358975
17.060000000000002,-6.7666431437116685,-2.9019914231062596
17.080000000000002,-6.044385555979969,-2.6981563412936063
17.1,-5.431170431443404,-2.6491487981178015
17.12,-4.931976165374627,-2.7206276606036743
17.14,-4.545354295562429,-2.8859242321648577
17.16,-4.2660415524681135,-3.1263904636563336
17.18,-4.087044817974975,-3.430643963728899
17.2,-4.0011623993256284,-3.7933595812221848
17.22,-4.0019978330727515,-4.213974169768178
17.240000000000002,-4.084561245234106,-4.6954646170591285
17.26,-4.245549713425124,-5.243224743018769
17.28,-4.483377932357308,-5.863978653611364
17.3,-4.798000732810645,-6.564608013907548
17.32,-5.190534235419164,-7.350727177603931
17.34,-5.6626483141598,-8.224805870045543
17.36,-6.215669647799605,-9.183630734350501
17.38,-6.849312609262908,-10.214947128976918
17.400000000000002,-7.559952526163898,-11.293285302830277
17.42,-8.338404649346566,-12.375353772585722
17.44,-9.167306938586448,-13.396064741717648
17.46,-10.018469502554742,-14.267235706397232
17.48,-10.85094995380005,-14.881985760324852
17.5,-11.611065702757244,-15.127996275092444
17.52,-12.235760157691884,-14.910824041023188
17.54,-12.660279412589446,-14.183485408009608
17.560000000000002,-12.829639017509265,-12.971981835437852
17.580000000000002,-12.711171124781359,-11.383053150820317
17.6,-12.303777776124681,-9.585581933185466
17.62,-11.6399206590283,-7.770303593516443
17.64,-10.779204043790465,-6.104860912100272
17.66,-9.79604830628467,-4.702759139761884
17.68,-8.766053303390064,-3.6148542466374893
17.7,-7.755176505021498,-2.8396167643327073
17.72,-6.813709806870092,-2.3421072340206415
17.740000000000002,-5.974861095208729,-2.072600708187897
17.76,-5.256533969057281,-1.9801777439725397
17.78,-4.6646957148726695,-2.020510633132399
17.8,-4.197093679234605,-2.159091229645536
17.82,-3.846591796315236,-2.3716056620604182
17.84,-3.603816357861432,-2.6428617683351385
17.86,-3.459068603766666,-2.9651873320117064
17.88,-3.403592542426221,-3.3368048300290596
17.900000000000002,-3.4303352489698606,-3.7604053542253237
17.92,-3.534334501169306,-4.241973447486697
17.94,-3.7128433631668485,-4.7898149764694695
17.96,-3.965266848519182,-5.413679409221378
17.98,-4.2929481068391055,-6.123823184268267
18.0,-4.6988026965858785,-6.92981641807275
18.02,-5.186760377979715,-7.83884963142122
18.04,-5.760931684711113,-8.853252076380013
18.060000000000002,-6.424377999477458,-9.966922875876609
18.080000000000002,-7.177338325363898,-11.160468715913845
18.1,-8.014779678276742,-12.395153734326835
18.12,-8.923238057936944,-13.606471856375009
18.14,-9.877183600371108,-14.699419568691264
18.16,-10.835629121557286,-15.549228080367332
18.18,-11.740393567263826,-16.012630845056954
18.2,-12.518058660461264,-15.953771922714806
18.22,-13.087596058562072,-15.283342693385496
18.240000000000002,-13.374122675846472,-13.999399545862257
18.26,-13.326135193373444,-12.209369963574549
18.28,-12.930332033796608,-10.115236459497076
18.3,-12.217447615719335,-7.962178221799441
18.32,-11.25597266918885,-5.973521139895623
18.34,-10.136373406350398,-4.302267241279935
18.36,-8.952410609881367,-3.015835563846554
18.38,-7.785988846176415,-2.109850927559861
18.400000000000002,-6.698762323782898,-1.5353455894523138
18.42,-5.7302756328398,-1.2250829913305257
18.44,-4.90052401645038,-1.111994358221664
18.46,-4.214565093017414,-1.139013291552296
18.48,-3.6674398131159585,-1.262548952379158
18.5,-3.248448169959511,-1.452267310332634
18.52,-2.9444300842777595,-1.6892007657999635
18.54,-2.7420530913778616,-1.9634061766469122
18.560000000000002,-2.6292702891540154,-2.271785190563556
18.580000000000002,-2.596155047591297,-2.6163097070245502
18.6,-2.6353049529186854,-3.002694759195411
18.62,-2.741969934275938,-3.4394631742330195
18.64,-2.9140165998467236,-3.9373013114291324
18.66,-3.151799890199059,-4.508581727625194
18.68,-3.4579759334768614,-5.166907143250535
18.7,-3.837254407157409,-5.926497735739442
18.72,-4.296052587890591,-6.801191465092233
18.740000000000002,-4.8419707635436335,-7.802745815273134
18.76,-5.482958688480528,-8.938039763688039
18.78,-6.225985090056646,-10.204685872248577
18.8,-7.074966338565204,-11.58459110161135
18.82,-8.027693703638626,-13.035314056882054
18.84,-9.071597547222852,-14.480013692245258
18.86,-10.178515429705158,-15.798702525404098
18.88,-11.299372875066682,-16.82654005990065
18.900000000000002,-12.36084398093688,-17.367823825767523
18.92,-13.26730023450669,-17.23377952999397
18.94,-13.911531724985016,-16.30319377308516
18.96,-14.195275985957062,-14.5862841027534
18.98,-14.055082353726743,-12.255277689214873
19.0,-13.483323528092932,-9.611479167933261
19.02,-12.533657946091054,-6.9956361664329085
19.04,-11.307442646221622,-4.688193493892057
19.060000000000002,-9.92773014238291,-2.8498003643526757
19.080000000000002,-8.512595527086765,-1.518761509270625
19.1,-7.156853210700244,-0.646661729627265
19.12,-5.924778264897497,-0.1429189414560889
19.14,-4.851451880500822,0.09071936373166163
19.16,-3.948698920177849,0.14074937634924106
19.18,-3.212269473498265,0.07452991986673581
19.2,-2.628321125444768,-0.05999980382860599
19.22,-2.178432701462056,-0.23142150028283046
19.240000000000002,-1.8430791749059923,-0.4210825672121707
19.26,-1.6038100193322808,-0.6196005361766462
19.28,-1.4444590757748277,-0.8240386990638074
19.3,-1.3516925623406293,-1.0358173342047345
19.32,-1.315142201191508,-1.2592801740704775
19.34,-1.3273059669227014,-1.5007911039978203
19.36,-1.3833428413290538,-1.7682361815961718
19.38,-1.4808438187875947,-2.070822830721245
19.400000000000002,-1.6196287767513504,-2.419088253278334
19.42,-1.8015955713159815,-2.8250452961667656
19.44,-2.0306308077296835,-3.302402041079116
19.46,-2.312578213035261,-3.8667869831880415
19.48,-2.655247251404074,-4.535889020611974
19.5,-3.0684272242946276,-5.3293723907785555
19.52,-3.5638450310868324,-6.268338016353412
19.54,-4.154963034914995,-7.373959228591514
19.560000000000002,-4.856444193683712,-8.664702929753657
19.580000000000002,-5.683012994059924,-10.151271043985519
19.6,-6.647302413415899,-11.828113675665765
19.62,-7.756140192722477,-13.660361039109663
19.64,-9.004667003020497,-15.565821778155291
19.66,-10.367952164929802,-17.39446498640185
19.68,-11.79076502939531,-18.913707763279124
19.7,-13.17835270708202,-19.816591375933157
19.72,-14.394314395195607,-19.775532394617645
19.740000000000002,-15.273948186732191,-18.552345043575162
19.76,-15.658359172391147,-16.13301382270712
19.78,-15.442778535241956,-12.80333756949397
19.8,-14.617424700456663,-9.084399943823472
19.82,-13.27627542204485,-5.542166191470834
19.84,-11.587025680690672,-2.59129112277668
19.86,-9.740077333010147,-0.4080017511776583
19.88,-7.903010060893053,1.03522168094609
19.900000000000002,-6.1960270925075,1.8788442747409868
19.92,-4.6881973318597145,2.294154226332756
19.94,-3.4061623819107583,2.4353188722757237
19.96,-2.3469573422126695,2.4215832178398387
19.98,-1.489922571274476,2.3367887750179994
20.0,-0.805769971563903,2.235882424467559
20.02,-0.2626453025572826,2.152769724795697
20.04,0.17025965246191244,2.107204428949725
20.060000000000002,0.5208542545684111,2.1101149418753544
20.080000000000002,0.8134558288132065,2.167458582729966
20.1,1.068805690568938,2.2828977801536956
20.12,1.3044814088889292,2.459604465182218
20.14,1.5355004025780112,2.701449874908064
20.16,1.774988137033831,3.013775065260086
20.18,2.0348365532779042,3.403877363471971
20.2,2.3263113574160426,3.8812907884589225
20.22,2.6605828160099603,4.457881023900489
20.240000000000002,3.0491572354315637,5.147710369159447
20.26,3.504174986030261,5.966545566299823
20.28,4.038514110876515,6.9307693306861
20.3,4.665592481913731,8.055304016419004
20.32,5.398692967046583,9.349964317469743
20.34,6.249542103647411,10.813459321835348
20.36,7.225773333979547,12.424212402343404
20.38,8.326844379225582,14.127546546638865
20.400000000000002,9.538093831836978,15.820260269073636
20.42,10.82313872716913,17.336932000454876
20.44,12.116053455827522,18.447784116722335
20.46,13.316836428294241,18.88330654341967
20.48,14.29579855431115,18.3989203907556
20.5,14.91239630853593,16.87354414726468
20.52,15.048646716913682,14.399728359613269
20.54,14.646809691799376,11.299459187229498
20.560000000000002,13.732876160495133,8.031040028020698
20.580000000000002,12.411615850406946,5.031384401292447
20.6,10.835315667284029,2.587915439252299
20.62,9.163097555281137,0.8011185032326682
20.64,7.528839358000736,-0.37403229598413323
20.66,6.025865394149739,-1.058224434405749
20.68,4.706369869242533,-1.3897206119733507
20.7,3.5891539054675277,-1.4913323213502372
20.72,2.6698675348602734,-1.4582352873080409
20.740000000000002,1.9303534514023366,-1.357772242575788
20.76,1.3457825143010125,-1.2342661725845792
20.78,0.8894815284743964,-1.1149296735348149
20.8,0.5358572733656582,-1.0151690839905214
20.82,0.26193113469643176,-0.9427698261847764
20.84,0.047943191144011896,-0.9009701793702803
20.86,-0.12262059207193658,-0.8906112233924343
20.88,-0.26332674670498085,-0.9115842911753508
20.900000000000002,-0.3852511736410982,-0.963775878534884
20.92,-0.49749050175044085,-1.0476729095916613
20.94,-0.6076687684811043,-1.164753713449818
20.96,-0.7224105679213738,-1.317757366468777
20.98,-0.8477712231537425,-1.5108976665122473
21.0,-0.989626316060916,-1.7500672871696605
21.02,-1.1540290915751101,-2.0430615408337425
21.04,-1.347546806130499,-2.3998372114983426
21.060000000000002,-1.5775865144102457,-2.832807473334133
21.080000000000002,-1.8527173814012854,-3.357154488855176
21.1,-2.182989336221076,-3.9911103522999403
21.12,-2.5802344471358216,-4.756104097526946
21.14,-3.0583135165797377,-5.6765810156216165
21.16,-3.633228752538343,-6.779145521685146
21.18,-4.32295258745734,-8.090427385110297
21.2,-5.146707828123276,-9.632693406029022
21.220000000000002,-6.123260266266112,-11.41573103422243
21.240000000000002,-7.267550314002938,-13.423080311311123
21.26,-8.584764360859685,-15.59084285194306
21.28,-10.060933823461916,-17.779357068584012
21.3,-11.649876303042419,-19.744321350969177
21.32,-13.258590538185887,-21.12637887354311
21.34,-14.737720133856635,-21.492967176304816
21.36,-15.888963976410617,-20.464724172798
21.38,-16.501372490786665,-17.91046873570228
21.400000000000002,-16.41498746419854,-14.102522818390257
21.42,-15.58521754408922,-9.682863094848903
21.44,-14.107793891616183,-5.411179173009532
21.46,-12.185363556339686,-1.8632111629936532
21.48,-10.057676955847668,0.7176952361361026
21.5,-7.936518466450618,2.3752399088729805
21.52,-5.971027833083766,3.3048540565408464
21.54,-4.243412664503606,3.7348544702118476
21.560000000000002,-2.7819474898980494,3.8623354693266103
21.580000000000002,-1.5787440202286067,3.8336179159731945
21.6,-0.6053941447261302,3.747675834093595
21.62,0.17571971181092225,3.667152375665482
21.64,0.8042460446408596,3.629597759148127
21.66,1.3178312612221479,3.6564905315118765
21.68,1.7502164376545308,3.7597731367967326
21.7,2.130662618889668,3.9463245553096264
21.720000000000002,2.4841387660986314,4.220885731192819
21.740000000000002,2.8318953820124255,4.587860861731922
21.76,3.1921794350717785,5.052290934619437
21.78,3.580933427438375,5.620174792703877
21.8,4.0123706342977945,6.298202016307242
21.82,4.499340017718336,7.092854947719488
21.84,5.053392368157324,8.008732629531373
21.86,5.684439437989146,9.045856058387852
21.88,6.399868042593552,10.195666184668083
21.900000000000002,7.202948918746894,11.435498541327554
21.92,8.090394095865378,12.72166124572081
21.94,9.049037959431919,13.98206594400917
21.96,10.051918323054045,15.110853001034872
21.98,11.05461681535077,15.969479495586578
22.0,11.993532236432587,16.400250610156437
22.020000000000003,12.7884852191312,16.25693573999328
22.04,13.351896701832116,15.45007193768869
22.060000000000002,13.604831317575584,13.992197887273905
22.08,13.496406123223403,12.018377076712168
22.1,13.01942380487354,9.762626280502928
22.119999999999997,12.214889079929934,7.494659059318987
22.14,11.162767658031372,5.44694424243941
22.160000000000004,9.963090600615995,3.766399736115065
22.18,8.715389513544629,2.5053796928054353
22.200000000000003,7.50330995301096,1.6427774623530704
22.22,6.3871447292896395,1.1160181987941127
22.240000000000002,5.403295982285401,0.8489891743846197
22.259999999999998,4.5679913347074015,0.7699938536768512
22.28,3.882664262285834,0.820316715698273
22.299999999999997,3.339268126821834,0.9564458077796607
22.32,2.924675724764561,1.1489279024796057
22.340000000000003,2.6239265706859394,1.3798980117928443
22.36,2.4224085080426048,1.6404222373259327
22.380000000000003,2.307189132807499,1.9281777860464084
22.4,2.2677322635502564,2.2456441598419588
22.42,2.296205237781658,2.5988045152039216
22.439999999999998,2.3875370564063743,2.9962792196398964
22.46,2.539341095117273,3.448784579399086
22.480000000000004,2.751774991858176,3.968799149822128
22.5,3.027374987046621,4.570310411791102
22.520000000000003,3.3708704838243584,5.268493395129736
22.54,3.7889531927221665,6.079131298002381
22.560000000000002,4.289939011160037,7.01751650900942
22.58,4.883215332219744,8.096464261529293
22.6,5.578307533608975,9.322943444248171
22.619999999999997,6.383327767876437,10.692721334305112
22.64,7.302500591987504,12.182451114963976
22.660000000000004,8.332448770193025,13.739088251147226
22.68,9.457060470193209,15.267830988804304
22.700000000000003,10.641240812733448,16.622468190126305
22.72,11.824858804826032,17.60603707944135
22.740000000000002,12.91975613500665,17.993070674605708
22.759999999999998,13.814115430619978,17.58222903480137
22.78,14.388128389063949,16.27325728566719
22.799999999999997,14.5407569653475,14.136621331905806
22.82,14.219801876924391,11.428132228244872
22.840000000000003,13.441568486301271,8.522124108063371
22.86,12.289027046233866,5.791482645671809
22.880000000000003,10.888821260054394,3.5016304039700565
22.9,9.378845693531622,1.7686805461012023
22.92,7.880455165413367,0.5814427738851395
22.939999999999998,6.483089436931294,-0.14663758281177566
22.96,5.241206717220667,-0.5283291487532412
22.980000000000004,4.179133034151069,-0.6708971852245731
23.0,3.2990970254052163,-0.6616388092043298
23.020000000000003,2.589270596001513,-0.5647560222235881
23.04,2.0303221237491247,-0.42383140091413324
23.060000000000002,1.60011459747293,-0.266206125951553
23.08,1.2767381111686047,-0.10738726186232864
23.1,1.0402547634252677,0.0452577824567894
23.119999999999997,0.8735402792431438,0.18969083609155593
23.14,0.7625417586697899,0.327205924104777
23.160000000000004,0.6961912899298659,0.46109589435588894
23.18,0.6661432338351978,0.5958258350728386
23.200000000000003,0.6664458371149459,0.7365769676588367
23.22,0.6932157235212644,0.8890532787509192
23.240000000000002,0.7443544638748626,1.0594713082497884
23.259999999999998,0.8193273441181717,1.2546776283692398
23.28,0.9190124976752176,1.482357830283152
23.299999999999997,1.0456220121047655,1.751314645562856
23.32,1.2026931188232943,2.0718014704370753
23.340000000000003,1.3951457454538803,2.4559003912051285
23.36,1.6294012899923869,2.9179296009913402
23.380000000000003,1.9135541602280957,3.4748499003055406
23.4,2.2575814408142585,4.146608697030146
23.42,2.6735621023465677,4.956299698769686
23.439999999999998,3.1758513208017454,5.929910087438962
23.46,3.78110843211255,7.095245658596524
23.480000000000004,4.507995880163574,8.479332612991842
23.5,5.376233741927248,10.103161271541461
23.520000000000003,6.404496852618748,11.972102033517949
23.54,7.606387713287228,14.059910333875443
23.560000000000002,8.983499235796431,16.284701422649537
23.58,10.514693401305232,18.478276894387378
23.6,12.141793157554842,20.358328518809152
23.619999999999997,13.754866316100385,21.527679359094012
23.64,15.185532176281844,21.53866877853267
23.660000000000004,16.22167780592523,20.04926666704788
23.68,16.65398567116843,17.030306498935605
23.700000000000003,16.346059676915637,12.886104269722654
23.72,15.293642009558246,8.347733934084856
23.740000000000002,13.633153776620958,4.170427062066668
23.759999999999998,11.591887104378076,0.8495411153269277
23.78,9.412770827531736,-1.468017739483123
23.799999999999997,7.295064615401156,-2.8929212076272948
23.82,5.369243916891693,-3.6486344551046503
23.840000000000003,3.6999082332364286,-3.964684621101771
23.86,2.302007678016627,-4.027417101476979
23.880000000000003,1.159015993702496,-3.9700073240262976
23.9,0.23769863522100645,-3.8801096772345747
23.92,-0.5017332387119176,-3.8119793878608643
23.939999999999998,-1.0994474107493077,-3.797494619164672
23.96,-1.592695342501678,-3.854580936531475
23.980000000000004,-2.014401210836673,-3.993145171283159
24.0,-2.3928902225642714,-4.219048067201105
24.020000000000003,-2.752244133659903,-4.536634638734956
24.04,-3.1129480589725937,-4.950215923986778
24.060000000000002,-3.492611582022008,-5.464760492704614
24.08,-3.9066220210826472,-6.085931088562227
24.1,-4.368627235697875,-6.81948925720586
24.119999999999997,-4.890758046951469,-7.669985011358831
24.14,-5.48349236798339,-8.63855271432095
24.160000000000004,-6.15504201373231,-9.719570797796584
24.18,-6.9101202976621225,-10.895963666567452
24.200000000000003,-7.747951293404106,-12.133146929487339
24.22,-8.659453451616105,-13.372193919372172
24.240000000000002,-9.623747229287012,-14.523950915119165
24.259999999999998,-10.60457012338578,-15.467515458252658
24.28,-11.547867598921666,-16.058164314725175
24.300000000000004,-12.382555683905307,-16.149773234682556
24.32,-13.026685616222537,-15.632475126392384
24.340000000000003,-13.40013362951614,-14.476621922966679
24.36,-13.442049504651544,-12.7632521149411
24.380000000000003,-13.127647940208513,-10.679634363015834
24.4,-12.477218249300433,-8.473895307775086
24.42,-11.552761057721483,-6.387561603284459
24.439999999999998,-10.443486602307624,-4.598295324395351
24.46,-9.246452507348755,-3.19539615382964
24.480000000000004,-8.049527534729718,-2.1884763891123677
24.5,-6.920986207450423,-1.5342610428740917
24.520000000000003,-5.906219661982001,-1.1652012892260124
24.54,-5.0296140926277175,-1.0107097612472042
24.560000000000002,-4.299058998275246,-1.0091320983445706
24.58,-3.711085072032687,-1.1124552377371637
24.6,-3.2554720414086042,-1.286622953278374
24.619999999999997,-2.9188544696902285,-1.5097622643028972
24.64,-2.687275738971622,-1.7697565460890081
24.660000000000004,-2.547840425861152,-2.0619102643063614
24.68,-2.4896789933190964,-2.387015348182112
24.700000000000003,-2.5044315801777617,-2.7498922095276495
24.72,-2.5864212347946234,-3.158362691179663
24.740000000000002,-2.7326428444076356,-3.62256076093514
24.759999999999998,-2.942651655889099,-4.154463784984328
24.78,-3.21839738384457,-4.767510663494878
24.800000000000004,-3.5640151368639312,-5.476149134299234
24.82,-3.9855501522356445,-6.295111181160858
24.840000000000003,-4.490555186095326,-7.238147526449884
24.86,-5.087453158948933,-8.315856690030659
24.880000000000003,-5.7845005359870045,-9.532136656560786
24.9,-6.58812401839335,-10.878723929738717
24.92,-7.500354520055559,-12.327401203548424
24.939999999999998,-8.515100098046625,-13.82002432147787
24.96,-9.61318645778823,-15.257921939318019
24.980000000000004,-10.756622343115215,-16.49487077309531
25.0,-11.883544542998925,-17.341350721032285
25.020000000000003,-12.906686837356403,-17.589937536618113
25.04,-13.719244416453646,-17.06760752873765
25.060000000000002,-14.211113289610363,-15.705667298871155
25.08,-14.29420316466143,-13.596088640441117
25.1,-13.928834742838333,-10.993673682952284
25.119999999999997,-13.139026708288126,-8.247531741082867
25.14,-12.008076217004335,-5.6928783494307265
25.160000000000004,-10.65623800969,-3.561747375399389
25.18,-9.211426683663884,-1.951621155807671
25.200000000000003,-7.7849320965123665,-0.8479273550407834
25.22,-6.458351380429015,-0.170454872792026
25.240000000000002,-5.281288788495276,0.1836119435141855
25.259999999999998,-4.275908025186445,0.3119346469816048
25.28,-3.444232562324448,0.29420177826646843
25.300000000000004,-2.7754361544595403,0.1892056050381738
25.32,-2.251812698906503,0.03690430117497266
25.340000000000003,-1.8530893683431102,-0.13775145043898107
25.36,-1.559239547915567,-0.32090059681378014
25.380000000000003,-1.352126363522561,-0.5064543186980607
25.4,-1.2163196777278593,-0.6935601223224735
25.42,-1.1393758573626227,-0.8848027269323333
25.439999999999998,-1.111800158725524,-1.0850175425860333
25.46,-1.126847435646992,-1.3005801496647944
25.480000000000004,-1.1802649933982972,-1.539050065603593
25.5,-1.2700427697329038,-1.8090703442144278
25.520000000000003,-1.3962084581731518,-2.1204473070389094
25.54,-1.560686442739678,-2.484352585811746
25.560000000000002,-1.767226596992437,-2.913599735256728
25.58,-2.0213994418443026,-3.4229476073297445
25.6,-2.3306448646167754,-4.029367405991769
25.619999999999997,-2.7043498294331787,-4.752174642850225
25.64,-3.153910514524404,-5.612857727483371
25.660000000000004,-3.69270277077235,-6.634317204617108
25.68,-4.335829009081148,-7.839040322334718
25.700000000000003,-5.099424412933065,-9.245462437521011
25.72,-5.999175326797758,-10.861414708656273
25.740000000000002,-7.047538824442368,-12.673277012116648
25.759999999999998,-8.248992718206974,-14.629584189789103
25.78,-9.592652442988221,-16.619318884487956
25.800000000000004,-11.042093425447943,-18.44936861473453
25.82,-12.523780861659736,-19.833987598353506
25.840000000000003,-13.918577304937159,-20.41953869536201
25.86,-15.064634655944554,-19.86944828579827
25.880000000000003,-15.781046339084412,-18.007442997781062
25.9,-15.914205421468175,-14.956142846363168
25.92,-15.391835144399735,-11.161843421679947
25.939999999999998,-14.255528868682752,-7.247413440618103
25.96,-12.64993383182836,-3.7734795125276364
25.980000000000004,-10.774584685704674,-1.0654120513350034
26.0,-8.826842211693748,0.8108006144423606
26.020000000000003,-6.962129733827668,1.9652345869682546
26.04,-5.279613955506985,2.579764324687691
26.060000000000002,-3.826814734975427,2.835516041164245
26.08,-2.612722232954053,2.879749025228864
26.1,-1.6218326363694149,2.8190750205545156
26.119999999999997,-0.8255531817723393,2.7248430823653513
26.14,-0.19015326900383275,2.64194922113749
26.160000000000004,0.3183091702133258,2.597149091896911
26.18,0.7313070400410643,2.6056562410107045
26.200000000000003,1.0766760637257662,2.675965922793752
26.22,1.378390326068922,2.8132167478041774
26.240000000000002,1.6568797701832303,3.0214534620192164
26.259999999999998,1.9296222959703733,3.3051006268381693
26.28,2.2118406053320707,3.669879326367239
26.300000000000004,2.517199431543504,4.123321487551326
26.32,2.8584387786688157,4.674961113518748
26.340000000000003,3.2478975323776478,5.3362046512105215
26.36,3.697882667837899,6.119795281869631
26.380000000000003,4.220822301583204,7.038679758347075
26.4,4.829105429321471,8.103955076035312
26.42,5.5344561980742775,9.321423760567432
26.439999999999998,6.346621232796879,10.686162471513972
26.46,7.271076238941013,12.174527686517834
26.480000000000004,8.305443692710979,13.733463458255322
26.5,9.43444094091567,15.268260076327833
26.520000000000003,10.623656747189756,16.63261163274367
26.54,11.813453678663286,17.6288651897719
26.560000000000002,12.915862916764924,18.029854337438106
26.58,13.818805873685001,17.63140804414451
26.6,14.401678025665705,16.329857668279836
26.619999999999997,14.562214622110789,14.192974883235069
26.64,14.246907319997755,11.476020414540066
26.660000000000004,13.471138360881229,8.555381893230097
26.68,12.317668766396308,5.807602724779036
26.700000000000003,10.913647854952728,3.501642088341577
26.72,9.3979090712239,1.75579312778089
26.740000000000002,7.892820603035847,0.5594794674048987
26.759999999999998,6.488652630716908,-0.17431573467024292
26.78,5.240408535073545,-0.5592779411644807
26.800000000000004,4.172687688604688,-0.7036135282927248
26.82,3.287786370596968,-0.6953902719158516
26.840000000000003,2.573811987554905,-0.5993709700862742
26.86,2.01129584102009,-0.459520782054383
26.880000000000003,1.5779320528707002,-0.3034361897493348
26.9,1.2516342856211573,-0.14679989078939762
26.92,1.0122927842726739,0.0028871500112388915
26.939999999999998,0.8426200443392712,0.14346737924236433
26.96,0.7284075642319401,0.2761091790796959
26.980000000000004,0.6584354349530003,0.4039580852879937
27.0,0.6242038480966737,0.5312977693714195
27.020000000000003,0.6195978824541615,0.663082866520533
27.04,0.6405544002226216,0.804734735883593
27.060000000000002,0.684770433160224,0.962119632749921
27.08,0.7514729600867636,1.1416533779132658
27.1,0.8412582776412788,1.3504960267117174
27.119999999999997,0.956002385055022,1.5968145715562516
27.14,1.0988405529924627,1.8901011242224985
27.160000000000004,1.2742128758367222,2.2415385664680434
27.18,1.4879714875914591,2.664403727441785
27.200000000000003,1.7475436412748513,3.1744886820027034
27.22,2.062140090626471,3.790496962477649
27.240000000000002,2.442988743201217,4.53432637601559
27.259999999999998,2.9035540588306543,5.431067132463233
27.28,3.459666375291995,6.508399400443352
27.300000000000004,4.129421017707261,7.794833434726829
27.32,4.932598531610798,9.315860361736174
27.340000000000003,5.889187523990879,11.086562655034372
27.36,7.016348835588439,13.09867497647511
27.380000000000003,8.32289440679655,15.299973003928883
27.4,9.800237243773005,17.565380680609113
27.42,11.409283778594986,19.66471666804897
27.439999999999998,13.064756145427735,21.24415982735454
27.46,14.622841374628017,21.855449848450768
27.480000000000004,15.884050280334158,21.071990821701853
27.5,16.625268892904057,18.6905221104007
27.520000000000003,16.663621934846585,14.919495547402995
27.54,15.928333563041887,10.386712284604494
27.560000000000002,14.49702455717528,5.898533789911561
27.58,12.569352061636287,2.105975357910216
27.6,10.39541090997704,-0.6870863206716755
27.619999999999997,8.203285275059864,-2.497974046938388
27.64,6.157440559057326,-3.5233690699054394
27.660000000000004,4.351009871120006,-4.005451372506442
27.68,2.818433754320916,-4.156799374883796
27.700000000000003,1.5543225798059963,-4.136112856507747
27.72,0.5304404233524492,-4.050838533699571
27.740000000000002,-0.2919122543897903,-3.9689124254482393
27.759999999999998,-0.9540093403824896,-3.930976453544556
27.78,-1.495246315540627,-3.960189691939689
27.800000000000004,-1.9510125363666107,-4.069298861109539
27.82,-2.352009283217305,-4.265439371668672
27.840000000000003,-2.7243950184766983,-4.553241370353951
27.86,-3.0903460968730405,-4.936705741079261
27.880000000000003,-3.468767009411045,-5.420169509121954
27.9,-3.875977012896813,-6.008546382492203
27.92,-4.326254120171891,-6.706908702614174
27.939999999999998,-4.832140486359262,-7.519368654253176
27.96,-5.404413702985622,-8.447120003250484
27.980000000000004,-6.051613841911479,-9.485433832601517
28.0,-6.778997049101789,-10.61940592073718
28.020000000000003,-7.586786175665041,-11.818426995636433
28.04,-8.467645797390691,-13.029822045788926
28.060000000000002,-9.403485953003088,-14.173075654682496
28.08,-10.362066330963573,-15.137536113960955
28.1,-11.294470400579812,-15.788077202654483
28.119999999999997,-12.1351970726446,-15.983536480282767
28.14,-12.806956214164394,-15.60962846417976
28.160000000000004,-13.231500584844873,-14.62000741753927
28.18,-13.345460621752613,-13.068904326159268
28.200000000000003,-13.116791431083483,-11.114864198356125
28.22,-12.555298347329773,-8.985982614655212
28.240000000000002,-11.71216398014555,-6.919158097875294
28.259999999999998,-10.6683294627237,-5.10191476270972
28.28,-9.516721579585484,-3.641212743710756
28.300000000000004,-8.345152197951979,-2.5646018835535185
28.32,-7.224729804357755,-1.8423289345251048
28.340000000000003,-6.205084807672372,-1.4147117744630207
28.36,-5.315035931626503,-1.2143187020589417
28.380000000000003,-4.566362196314236,-1.1795923610773678
28.4,-3.9586295694989375,-1.2610377199336331
28.42,-3.4837695771130033,-1.4225533672183694
28.439999999999998,-3.1298033059447437,-1.6402365464235624
28.46,-2.8835657919030613,-1.900226506995892
28.480000000000004,-2.7325278856360615,-2.19645323427624
28.5,-2.6659046436585685,-2.5286883689920074
28.520000000000003,-2.6752489870138283,-2.901023887049432
28.54,-2.7547015310182448,-3.320763774552339
28.560000000000002,-2.901026759064601,-3.797646670218308
28.58,-3.1135238725329355,-4.343284557303104
28.6,-3.393861689622527,-4.970679795805457
28.619999999999997,-3.745850438252062,-5.693654704305163
28.64,-4.1751273141838725,-6.525982936871745
28.660000000000004,-4.688692216869254,-7.479944193792586
28.68,-5.294183911276763,-8.563937066429643
28.700000000000003,-5.998731610522448,-9.778698541941775
28.72,-6.807160887790887,-11.111660571866276
28.740000000000002,-7.719302755083241,-12.529174279078683
28.759999999999998,-8.726207524181458,-13.96702930768075
28.78,-9.805300552460325,-15.321220550349004
28.800000000000004,-10.915103932144456,-16.4435390667067
28.82,-11.99114382463776,-17.14958617204164
28.840000000000003,-12.945905947969424,-17.247750409220398
28.86,-13.676326900435647,-16.591959124054192
28.880000000000003,-14.080880561897681,-15.145610272368593
28.9,-14.083847416081818,-13.025461201027296
28.92,-13.658449250767797,-10.491201287163602
28.939999999999998,-12.837918663202391,-7.873489023272033
28.96,-11.708204817036602,-5.474813843696621
28.980000000000004,-10.38563976492576,-3.4950574785626056
29.0,-8.99005398933352,-2.0107931217129003
29.020000000000003,-7.623614385857888,-1.0000124088111224
29.04,-6.3600955533560555,-0.384863187153958
29.060000000000002,-5.243635828283097,-0.06958736707888999
29.08,-4.293330919173373,0.03550789187121563
29.1,-3.510058182239704,0.0031648918545975338
29.119999999999997,-2.8831631405586156,-0.11315685673314543
29.14,-2.39590092908631,-0.2773181783470545
29.160000000000004,-2.029363052623344,-0.46702247848731715
29.18,-1.7650418744696168,-0.6702753009637556
29.200000000000003,-1.5863346536826144,-0.8823896790911658
29.22,-1.4792981310351176,-1.1037012393815024
29.240000000000002,-1.4329165091557967,-1.337956364830598
29.259999999999998,-1.439083281036514,-1.5912633149384283
29.28,-1.4924391723597572,-1.871482637371044
29.300000000000004,-1.5901611178280775,-2.187943731798518
29.32,-1.7317609910528673,-2.55139214503608
29.340000000000003,-1.918926490947789,-2.9740872595554118
29.36,-2.155416941637813,-3.4699772103253874
29.380000000000003,-2.447010813841086,-4.054872157060239
29.4,-2.8014861038752947,-4.74651154331326
29.42,-3.2285949196815698,-5.564367811854187
29.439999999999998,-3.7399632422809264,-6.528934703649936
29.46,-4.348801843529718,-7.660097337517574
29.480000000000004,-5.069241112591816,-8.97396689386415
29.5,-5.915001832237247,-10.47729442776263
29.520000000000003,-6.896982201469876,-12.158373218920328
29.54,-8.019223729065471,-13.97346351550208
29.560000000000002,-9.272725670293495,-15.828919160667514
29.58,-10.626964582799927,-17.562383846826723
29.6,-12.020148322156103,-18.932666281684646
29.619999999999997,-13.351549136945838,-19.63594290584519
29.64,-14.482273123530057,-19.3685328083181
29.660000000000004,-15.252155289085003,-17.93948862078975
29.68,-15.515882652011515,-15.392381529430256
29.700000000000003,-15.189077148686922,-12.053194672791168
29.72,-14.282267565347201,-8.441786423418515
29.740000000000002,-12.901829875609458,-5.082749506835958
29.759999999999998,-11.216271312511157,-2.334741698319466
29.78,-9.407368662731368,-0.33047907617479305
29.800000000000004,-7.629921836273186,0.977640745621867
29.82,-5.991956636847921,1.7310020914909958
29.840000000000003,-4.55345717130136,2.09205292468721
29.86,-3.3355331574955174,2.203762337814729
29.880000000000003,-2.332624749533569,2.175540579235544
29.9,-1.5235039276262656,2.0838536444627747
29.92,-0.8795316726204596,1.9785751265304816
29.939999999999998,-0.37013161214174717,1.8902922929392585
29.96,0.03397690805355583,1.8366415051196603
29.980000000000004,0.3591454714423937,1.827192059641594
